syd,did,wei
"1","163","2"
"1","164","2"
"1","165","1"
"1","187","2"
"1","306","2"
"1","307","1"
"1","308","2"
"1","309","2"
"1","354","1"
"1","401","1"
"1","411","1"
"1","513","1"
"1","546","2"
"1","722","1"
"2","56","3"
"2","179","2"
"2","236","1"
"2","388","2"
"2","539","1"
"2","540","1"
"2","557","1"
"2","600","1"
"2","793","2"
"2","795","1"
"3","44","1"
"3","106","1"
"3","108","0"
"3","707","2"
"3","209","2"
"3","250","1"
"3","294",""
"3","432",""
"3","439","1"
"3","568","3"
"3","660","1"
"3","720","1"
"4","20","1"
"4","22","2"
"4","23","2"
"4","25","1"
"4","206","2"
"5","93","1"
"5","212","2"
"5","372","1"
"5","378","2"
"5","520","0"
"5","548","1"
"5","574","2"
"5","595","2"
"5","732","1"
"6","140","2"
"6","191","2"
"6","204","1"
"6","302","2"
"6","321","0"
"6","350","0"
"6","492","2"
"6","532","1"
"6","565","1"
"6","662","1"
"6","689","2"
"6","729","2"
"7","1","1"
"7","102","1"
"7","219","1"
"7","350","1"
"7","546","1"
"7","557","0"
"7","637","3"
"7","678","1"
"7","723","0"
"7","729","2"
"7","776","2"
"7","793","2"
"7","813","1"
"8","55","1"
"8","208","1"
"8","222","1"
"8","340","2"
"8","424","1"
"8","436","2"
"8","455","1"
"8","484","2"
"8","491","2"
"8","652","1"
"8","828","0"
"8","830","1"
"9","253","2"
"9","263","1"
"9","307","1"
"9","341","0"
"9","345","1"
"9","394","2"
"9","399","2"
"9","403","0"
"9","450","1"
"9","712","0"
"10","32",""
"10","125","3"
"10","178","1"
"10","179","2"
"10","197","2"
"10","231","3"
"10","393","2"
"10","394","2"
"10","399","2"
"10","450","0"
"10","670","3"
"10","675","0"
"10","697","3"
"10","788","1"
"10","830","1"
"11","108","1"
"11","109","2"
"11","111","1"
"11","140","1"
"11","191","2"
"11","289","1"
"11","453","1"
"12","9","1"
"12","78","1"
"12","183","1"
"12","140","2"
"12","191","2"
"12","204","2"
"12","220","0"
"12","302","1"
"12","321","0"
"12","566","0"
"12","729","2"
"13","195","2"
"13","221","2"
"13","224","2"
"13","265","1"
"13","309","2"
"13","354","1"
"13","471","0"
"13","492","2"
"13","561","2"
"13","585","3"
"13","586","3"
"13","608","0"
"13","617","2"
"13","698","1"
"13","789","2"
"14","140","2"
"14","252","2"
"14","387","2"
"14","443","0"
"14","447","1"
"14","462","1"
"14","474","2"
"14","536","2"
"14","557","1"
"14","567","1"
"14","572","2"
"14","585","3"
"14","674","2"
"14","704","2"
"14","790","2"
"14","793","2"
"14","800","2"
"15","23","2"
"15","39","0"
"15","128","3"
"15","146","2"
"15","205","3"
"15","215","3"
"15","225","2"
"15","246","1"
"15","251","3"
"15","372","3"
"15","375","2"
"15","377","1"
"15","378","3"
"15","395","2"
"15","448","1"
"15","462","3"
"15","657","3"
"15","736","2"
"16","36","1"
"16","179","2"
"16","180","2"
"16","205","3"
"16","282","2"
"16","343","1"
"16","373","1"
"16","377","1"
"16","401","2"
"16","415",""
"16","549",""
"16","599","1"
"17","5","1"
"17","69","3"
"17","113","1"
"17","115","2"
"17","170","1"
"17","185","2"
"17","309","1"
"17","413","2"
"17","585","3"
"17","836","3"
"18","197","3"
"18","263","2"
"18","345","1"
"18","307","1"
"18","399","2"
"18","450","1"
"18","456","1"
"18","712","1"
"18","826","1"
"18","830","1"
"19","737","1"
"19","93","2"
"19","445","2"
"19","595","1"
"19","212","3"
"20","74","3"
"20","197","2"
"20","202","0"
"20","231","3"
"20","401","2"
"20","446","2"
"20","547","1"
"20","668","2"
"20","670","2"
"20","786","1"
"20","788","1"
"21","59","3"
"21","67","2"
"21","99","2"
"21","105","3"
"21","128","2"
"21","146","2"
"21","205","2"
"21","536","1"
"21","376","3"
"21","483","0"
"21","548",""
"21","775","2"
"22","756","3"
"22","214","2"
"22","454","0"
"22","508","0"
"22","523","2"
"22","527","3"
"22","528","3"
"22","529","3"
"22","576","0"
"22","748","1"
"22","743","1"
"23","87","0"
"23","148","2"
"23","535","2"
"23","536","2"
"23","572","2"
"23","642","0"
"23","785","2"
"24","87","0"
"24","148","2"
"24","167","0"
"24","535","2"
"24","536","2"
"24","572","2"
"24","642","0"
"24","785","2"
"25","61","2"
"25","121","1"
"25","140","2"
"25","191","2"
"25","220","1"
"25","302","2"
"25","321","1"
"25","414","1"
"25","639","2"
"25","689","1"
"25","729","2"
"25","740","1"
"26","14","1"
"26","98",""
"26","136","1"
"26","186","2"
"26","192","2"
"26","193","2"
"26","300","0"
"26","319","1"
"26","358","2"
"26","370","2"
"26","405",""
"26","469","1"
"26","524","1"
"26","527","2"
"26","563","3"
"26","704","2"
"26","748","1"
"26","774","0"
"26","799","1"
"27","87","0"
"27","173","0"
"27","191","2"
"27","209","2"
"27","454","0"
"27","553",""
"27","698","1"
"27","701",""
"27","704","2"
"27","748","2"
"27","750","1"
"27","782","1"
"28","59","3"
"28","68","1"
"28","99","3"
"28","146","1"
"28","310","3"
"28","368","2"
"28","376","3"
"28","597","1"
"28","775","1"
"28","811","2"
"28","838","2"
"29","140","2"
"29","163","2"
"29","224","1"
"29","252","2"
"29","327","2"
"29","387","2"
"29","447","1"
"29","455","1"
"29","462","2"
"29","474","2"
"29","536","2"
"29","557","1"
"29","572","2"
"29","585","3"
"29","790","2"
"29","773","1"
"29","704","2"
"29","793","2"
"29","800","1"
"30","32",""
"30","125","3"
"30","155","1"
"30","166","1"
"30","208","3"
"30","231","3"
"30","239","1"
"30","292",""
"30","317","2"
"30","328","1"
"30","347","2"
"30","421","1"
"30","422","1"
"30","423","1"
"30","442","1"
"30","447","3"
"30","517","0"
"30","522","1"
"30","580","1"
"30","666","1"
"30","668","1"
"30","671","1"
"30","675","0"
"30","697","3"
"30","714","1"
"30","783","0"
"30","786","3"
"30","819","1"
"30","821","1"
"30","833","3"
"30","841","3"
"31","822","1"
"31","75","2"
"31","304","2"
"31","550","3"
"31","126","1"
"31","386","1"
"31","70","1"
"32","1","1"
"32","163","1"
"32","165","1"
"32","197","1"
"32","179","2"
"32","513","1"
"32","637","3"
"32","659","2"
"32","788","0"
"32","793","2"
"33","89","1"
"33","95","0"
"33","96","0"
"33","201","1"
"33","511","0"
"33","513","1"
"33","609","0"
"33","611","1"
"33","637","3"
"33","792","2"
"33","793","2"
"33","794","1"
"34","61","0"
"34","140","2"
"34","191","2"
"34","220","2"
"34","321","0"
"34","410","2"
"34","449","1"
"34","552","2"
"34","738","2"
"34","751","1"
"34","752","0"
"35","124","1"
"35","140","2"
"35","183","1"
"35","276","0"
"35","321","1"
"35","323","1"
"35","324","1"
"35","565","1"
"35","581","1"
"35","582","1"
"35","621","1"
"35","724","2"
"35","747","0"
"35","751","1"
"36","159","3"
"36","54","0"
"36","59","1"
"36","177","2"
"36","210","1"
"36","302","0"
"36","308","2"
"36","399","3"
"36","462","1"
"36","687","3"
"36","730","1"
"36","736","1"
"37","284","1"
"37","388","2"
"37","285",""
"37","244","2"
"37","513","1"
"37","426","1"
"37","204","2"
"38","23","2"
"38","33","2"
"38","93","0"
"38","444","1"
"38","677","3"
"38","749","3"
"39","61","1"
"39","133","1"
"39","140","2"
"39","151","0"
"39","191","2"
"39","220","0"
"39","321","0"
"39","339",""
"39","751","1"
"40","30","3"
"40","83","1"
"40","143","0"
"40","147","1"
"40","152","2"
"40","184","2"
"40","191","2"
"40","251","3"
"40","253","2"
"40","331","2"
"40","332","0"
"40","339","2"
"40","344","3"
"40","395","1"
"40","593","1"
"40","672","2"
"40","710","3"
"40","735","1"
"40","736","3"
"40","816","0"
"41","128","1"
"41","153","0"
"41","173","1"
"41","319","1"
"41","329","3"
"41","462","2"
"41","469","2"
"41","536","2"
"41","748","1"
"41","790","2"
"42","581","1"
"42","8","1"
"42","302","2"
"42","747","1"
"43","29","1"
"43","205","3"
"43","247","3"
"43","331","2"
"43","334","2"
"43","335","2"
"43","336","1"
"43","337","1"
"43","448","1"
"43","661","1"
"44","33","1"
"44","146","2"
"44","174","2"
"44","175","1"
"44","234","1"
"44","266","1"
"44","365","2"
"44","367","1"
"44","573","1"
"44","650","0"
"44","651","0"
"44","653","2"
"44","693","0"
"44","810","0"
"44","835","1"
"45","61","1"
"45","62","2"
"45","63","1"
"45","121","1"
"45","140","1"
"45","191","2"
"45","220","1"
"45","321","0"
"45","349","1"
"45","350","0"
"45","356","2"
"45","420","1"
"45","533","0"
"45","678","1"
"45","690","3"
"45","711","1"
"45","729","2"
"46","26","3"
"46","37","2"
"46","190",""
"46","278","0"
"46","742","1"
"47","28","1"
"47","115","2"
"47","126","0"
"47","298","3"
"47","309","0"
"47","384","1"
"47","413","2"
"47","542","1"
"47","594","2"
"47","716","1"
"47","824","0"
"47","825","0"
"48","20","1"
"48","46","0"
"48","146","1"
"48","226","1"
"48","246","3"
"48","377","1"
"49","134","1"
"49","145","1"
"49","146","1"
"49","201","1"
"49","282","1"
"49","483","1"
"49","514","1"
"49","599","1"
"49","734","1"
"49","793","2"
"50","43","2"
"50","47","2"
"50","86","2"
"50","475","2"
"50","681","1"
"50","719","2"
"50","796","2"
"51","33","2"
"51","93","0"
"51","122","1"
"51","212","3"
"51","402","1"
"51","501","0"
"51","658","1"
"52","26","3"
"52","66","2"
"52","189","2"
"52","200","0"
"52","351","0"
"52","653","0"
"52","698","1"
"52","741","1"
"52","763","2"
"52","796","2"
"53","121","1"
"53","302","2"
"53","321","1"
"53","441","0"
"53","532","1"
"53","534","1"
"53","662","1"
"53","689","2"
"53","751","2"
"54","406","0"
"54","513","1"
"54","589","0"
"54","637","3"
"54","654","1"
"54","655","1"
"54","656","1"
"55","61","1"
"55","62","1"
"55","121","2"
"55","140","2"
"55","191","2"
"55","220","1"
"55","302","0"
"55","321","0"
"55","427","1"
"55","463","1"
"55","532","1"
"55","533","0"
"55","554","2"
"55","555",""
"55","613","0"
"55","678","0"
"55","691","2"
"55","729","2"
"56","40","2"
"56","57","2"
"56","232","0"
"56","271","0"
"56","273","2"
"56","293","2"
"56","296","2"
"56","325","2"
"56","407","0"
"56","418","2"
"56","429","2"
"56","478","2"
"56","672","2"
"56","708","2"
"56","764","0"
"57","140","2"
"57","183","1"
"57","191","2"
"57","204","2"
"57","302","1"
"57","321","0"
"57","350","0"
"57","532","1"
"57","565","1"
"57","678","1"
"57","689","1"
"57","729","2"
"57","810","0"
"58","126","0"
"58","140","2"
"58","191","2"
"58","204","2"
"58","302","2"
"58","321","0"
"58","427","1"
"58","532","1"
"58","613","0"
"58","689","1"
"58","724","2"
"58","729","2"
"58","810","0"
"59","21","2"
"59","39","2"
"59","45","0"
"59","71","0"
"59","126","0"
"59","168",""
"59","169","0"
"59","171","0"
"59","185","1"
"59","205","3"
"59","212","2"
"59","213","1"
"59","225","2"
"59","383","3"
"59","451","1"
"59","462","3"
"59","501","0"
"59","652","2"
"59","653","0"
"60","7","2"
"60","163","2"
"60","165","1"
"60","172","2"
"60","347","2"
"60","679","1"
"60","433","0"
"61","85","0"
"61","119",""
"61","211","1"
"61","318","1"
"61","327","2"
"61","352","0"
"61","525","0"
"61","526","2"
"61","649","0"
"61","770","2"
"61","777","3"
"62","71","0"
"62","280","2"
"62","291","1"
"62","387","2"
"62","494","1"
"62","495","2"
"62","510","1"
"62","542","2"
"62","661","3"
"62","773","1"
"62","780","0"
"63","497","2"
"63","498","2"
"63","499","2"
"63","500","2"
"64","60","1"
"64","97","2"
"64","228","2"
"64","329","1"
"64","348","0"
"64","507","2"
"64","454","0"
"64","504","0"
"64","663","0"
"64","688","1"
"64","758","1"
"64","832","0"
"64","830","1"
"65","184","0"
"65","253","2"
"65","505","2"
"65","560","0"
"65","602","0"
"66","31","2"
"66","128","1"
"66","184","2"
"66","215","3"
"66","307","2"
"66","308","2"
"66","409","2"
"66","469","2"
"66","492","1"
"66","549","1"
"67","131","1"
"67","219","1"
"67","350","1"
"67","760","0"
"67","771","2"
"67","812","1"
"67","834","2"
"68","118","2"
"68","140","2"
"68","150","2"
"68","320","1"
"68","431","2"
"68","759","1"
"69","128","1"
"69","133","1"
"69","146","2"
"69","183","2"
"69","322","1"
"69","369","2"
"69","428","1"
"69","442","2"
"69","483","1"
"69","565","1"
"69","757","0"
"69","776","2"
"69","778","3"
"69","833","2"
"70","199","1"
"70","377","1"
"70","590","0"
"70","727","2"
"71","6","3"
"71","34","2"
"71","49","1"
"71","64","3"
"71","84","1"
"71","91","2"
"71","123","1"
"71","176","2"
"71","196","2"
"71","223","1"
"71","217","2"
"71","379","3"
"71","391","1"
"71","503","2"
"71","829","1"
"72","96","0"
"72","201","0"
"72","392","0"
"72","511","1"
"72","792","2"
"72","793","2"
"73","50","2"
"73","129","3"
"73","383","2"
"73","492","2"
"73","541","2"
"74","77",""
"74","236","1"
"74","241","1"
"74","290","1"
"74","353","1"
"74","392","1"
"74","401","1"
"74","472","2"
"74","539","2"
"74","540","2"
"74","557","2"
"74","607","1"
"74","685",""
"74","784","0"
"75","160","2"
"75","511","2"
"75","351","2"
"75","490","0"
"75","696","2"
"75","781","0"
"75","791","0"
"76","313","2"
"76","79","1"
"76","558","0"
"76","603","2"
"77","6","3"
"77","34","2"
"77","49","1"
"77","64","3"
"77","84","1"
"77","91","2"
"77","123","1"
"77","128","3"
"77","161","0"
"77","176","2"
"77","223","1"
"77","217","2"
"77","379","3"
"77","400","1"
"77","391","1"
"77","669","0"
"77","416","1"
"77","503","2"
"77","570","1"
"77","640","1"
"77","829","1"
"78","15","0"
"78","236","2"
"78","277","0"
"78","315","1"
"78","316","1"
"78","473","0"
"78","342","2"
"78","362","1"
"78","396","0"
"78","482","1"
"78","772","1"
"79","19","1"
"79","46","2"
"79","51","2"
"79","93","1"
"79","101","0"
"79","117","2"
"79","225","3"
"79","303","0"
"79","369","2"
"79","398",""
"79","485","0"
"79","486","1"
"79","520","0"
"79","548","1"
"79","569","1"
"79","605","1"
"79","615","0"
"79","676","1"
"79","677","2"
"79","683","0"
"79","686","3"
"79","739","3"
"80","622",""
"80","623",""
"80","624",""
"80","625",""
"80","626",""
"80","627","2"
"80","628","2"
"80","629","2"
"80","630",""
"80","631",""
"80","632",""
"80","633",""
"80","634",""
"80","635","2"
"80","636","2"
"81","26","3"
"81","127","2"
"81","188","2"
"81","227","2"
"81","441","0"
"81","577","1"
"81","796","2"
"81","823","0"
"82","74","3"
"82","160","0"
"82","197","2"
"82","245","1"
"82","298","1"
"82","343","1"
"82","351","0"
"82","511","0"
"82","643","1"
"82","644","1"
"82","645","2"
"82","646","0"
"82","647","0"
"82","788","1"
"83","298","1"
"83","343","1"
"83","643","2"
"83","644","1"
"83","645","1"
"83","646","1"
"84","16","2"
"84","27","2"
"84","181","2"
"84","329","1"
"84","506","1"
"84","664","2"
"84","710","1"
"84","790","2"
"84","832","0"
"85","249","1"
"85","361","1"
"85","388","2"
"85","513","1"
"85","484","2"
"85","530","1"
"85","682","0"
"85","754","0"
"85","755","3"
"85","807","0"
"86","248","0"
"86","249","1"
"86","338","1"
"86","361","2"
"86","388","2"
"86","484","2"
"86","530","1"
"86","682","0"
"86","718","1"
"86","754","0"
"86","755","3"
"86","807","0"
"87","23","2"
"87","107","1"
"87","128","1"
"87","146","1"
"87","184","2"
"87","227","2"
"87","239","1"
"87","251","1"
"87","281","2"
"87","371","0"
"87","372","3"
"87","375","2"
"87","441","0"
"87","462","2"
"87","483","0"
"87","541","3"
"87","587","3"
"87","653","0"
"87","657","1"
"87","702","1"
"87","736","1"
"87","833","1"
"88","65","2"
"88","69","3"
"88","113","1"
"88","114","1"
"88","170","1"
"88","185","2"
"88","279","0"
"88","492","2"
"88","583","2"
"88","585","3"
"88","586","1"
"88","616","2"
"88","618","0"
"88","715","1"
"89","121","1"
"89","165","0"
"89","236","1"
"89","360","1"
"89","382","1"
"89","492","1"
"89","544","0"
"89","667","1"
"89","700","1"
"90","28","2"
"90","506","2"
"90","137","0"
"90","135","1"
"90","132","0"
"90","704","2"
"90","725","0"
"91","4","2"
"91","72","2"
"91","120","3"
"91","191","2"
"91","410","2"
"92","237","1"
"92","820","3"
"92","515","2"
"93","218","1"
"93","572","2"
"93","674","2"
"93","731","2"
"93","768","2"
"93","790","2"
"94","103","1"
"94","107","3"
"94","144","2"
"94","146","2"
"94","239","2"
"94","251","2"
"94","322","1"
"94","413","2"
"94","462","2"
"94","483","0"
"94","488","1"
"94","531","0"
"94","775","2"
"95","94","1"
"95","182","2"
"95","116","2"
"95","746","0"
"96","10",""
"96","90","1"
"96","175","3"
"96","235","2"
"96","389","0"
"96","452","2"
"96","502","1"
"96","601","1"
"97","212","3"
"97","677","2"
"97","21","3"
"97","225","3"
"98","80","1"
"98","103","1"
"98","127","0"
"98","146","2"
"98","216","1"
"98","218","1"
"98","252","2"
"98","257","0"
"98","258","1"
"98","259","2"
"98","262","1"
"98","264","2"
"98","265","1"
"98","309","2"
"98","320","1"
"98","412","0"
"98","458","1"
"98","488","1"
"98","568","2"
"98","572","2"
"98","660","2"
"98","744","0"
"98","766","0"
"98","767","0"
"99","2","0"
"99","41","2"
"99","58","0"
"99","233","0"
"99","272","2"
"99","275","2"
"99","295","2"
"99","297","2"
"99","326","2"
"99","408",""
"99","419","1"
"99","430","2"
"99","479","0"
"99","673",""
"99","709","1"
"99","765","1"
"100","61","1"
"100","124","1"
"100","140","0"
"100","191","2"
"100","220","2"
"100","321","0"
"100","323","1"
"100","324","1"
"100","410","1"
"100","552","2"
"100","565","0"
"100","738","1"
"100","751","0"
"100","752","0"
"100","765","0"
"101","138","2"
"101","209","2"
"101","229","2"
"101","381","2"
"101","562","2"
"101","620","2"
"102","3","3"
"102","73","2"
"102","158","1"
"102","269","2"
"102","270","2"
"102","274","3"
"102","330","3"
"102","480","3"
"102","509","3"
"103","125","3"
"103","198","1"
"103","231","3"
"103","317","1"
"103","668","1"
"103","697","3"
"104","31","1"
"104","82","0"
"104","107","3"
"104","145","2"
"104","146","2"
"104","239","2"
"104","251","2"
"104","350","0"
"104","462","2"
"104","483","1"
"104","551","1"
"104","638","0"
"104","736","2"
"104","761","2"
"104","775","2"
"105","230","1"
"105","267","1"
"105","539","0"
"105","802","0"
"105","803","2"
"106","149","1"
"106","240","0"
"106","538","0"
"106","797","0"
"106","801","1"
"106","827","0"
"107","236","2"
"107","470","1"
"107","473","0"
"107","578","2"
"107","579","1"
"107","798","1"
"108","77","2"
"108","127","2"
"108","154","1"
"108","160","2"
"108","242","1"
"108","305","2"
"108","511","2"
"108","557","2"
"108","781","2"
"108","803","1"
"108","817","0"
"109","77","2"
"109","464","0"
"110","77","2"
"110","81","2"
"110","160","2"
"110","313","2"
"110","425",""
"110","464","1"
"110","706","0"
"110","777","1"
"110","805","2"
"111","21","3"
"111","82","0"
"111","88","2"
"111","129","3"
"111","184","2"
"111","536","2"
"111","434","2"
"111","461","1"
"111","469","1"
"111","476","2"
"111","537",""
"111","535","1"
"111","812","1"
"111","814","1"
"111","815","1"
"111","818","2"
"112","14","1"
"112","107","1"
"112","144","1"
"112","146","2"
"112","186","0"
"112","192","2"
"112","193","2"
"112","213","2"
"112","319","1"
"112","468","1"
"112","469","2"
"112","483","0"
"112","524","1"
"112","527","2"
"112","528","1"
"112","529","2"
"112","576","0"
"112","638","0"
"112","641","1"
"112","748","1"
"112","756","1"
"112","775","2"
"112","799","2"
"113","128","1"
"113","215","3"
"113","308","2"
"113","409","1"
"113","469","2"
"113","492","1"
"113","546","2"
"114","103","1"
"114","322","1"
"114","363","2"
"114","371","1"
"114","372","3"
"114","374","1"
"114","446","1"
"114","477","1"
"114","483","1"
"114","488","1"
"114","565","0"
"114","588","1"
"114","653","0"
"114","661","1"
"115","133","1"
"115","146","2"
"115","183","2"
"115","350","1"
"115","564","1"
"115","775","2"
"116","39","2"
"116","45","0"
"116","126","2"
"116","130","1"
"116","168","1"
"116","185","2"
"116","212","2"
"116","213","2"
"116","287","2"
"116","291","1"
"116","347","0"
"116","371","0"
"116","373","1"
"116","375","3"
"116","377","1"
"116","384","2"
"116","387","2"
"116","441","0"
"116","442","2"
"116","483","1"
"116","541","2"
"116","587","2"
"116","732","2"
"116","833","2"
"117","199","1"
"70","592","2"
"118","133","1"
"118","140","2"
"118","191","2"
"118","203","0"
"118","302","2"
"118","321","0"
"118","532","1"
"118","542","1"
"118","613","0"
"118","689","2"
"118","724","2"
"2","513","1"
"7","42","0"
"36","536","2"
"36","790","2"
"36","793","1"
"41","251","1"
"41","704","2"
"46","38","3"
"47","768","2"
"49","721","2"
"50","38","2"
"53","542","2"
"57","662","0"
"58","542","0"
"58","662","0"
"61","531","0"
"64","364","1"
"66","165","0"
"68","531","0"
"68","571","1"
"72","513","1"
"72","637","3"
"79","595","2"
"79","604","2"
"79","614","0"
"82","612","1"
"84","704","2"
"88","617","2"
"88","38","2"
"89","18","1"
"93","531","0"
"94","551","1"
"98","531","0"
"98","842","0"
"103","670","3"
"105","516","1"
"113","165","1"
"114","833","1"
"116","652","2"
"116","653","0"
"116","783","0"
"118","662","0"
"82","849","1"
"83","849","1"
"3","849","0"
"15","848","3"
"28","848","3"
"93","252","2"
"119","16","2"
"120","218","1"
"120","572","2"
"120","674","2"
"120","731","2"
"120","768","2"
"120","790","2"
"120","531","0"
"120","252","1"
"121","483","0"
"121","551","1"
"121","372","3"
"121","23","2"
"121","280","2"
"122","848","3"
"122","281","1"
"122","372","3"
"122","551","0"
"122","23","2"
"122","565","0"
"121","851","1"
"122","851","1"
"52","852","0"
"68","852","0"
"116","852","0"
"123","446","1"
"123","852","1"
"123","126","1"
"123","117","2"
"123","21","2"
"123","225","1"
"123","46","2"
"123","197","2"
"123","788","1"
"123","172","1"
"123","213","2"
"123","424","0"
"123","212","2"
"55","853","1"
"15","207","1"
"28","128","1"
"28","205","3"
"28","372","3"
"125","21","2"
"125","39","2"
"125","45","1"
"125","71","1"
"125","126","1"
"125","168","1"
"125","171","0"
"125","212","2"
"125","225","1"
"125","451","1"
"125","377","1"
"125","653","0"
"19","377","0"
"126","5","1"
"126","26","3"
"126","38","2"
"126","37","1"
"126","531","0"
"127","54","2"
"127","159","2"
"127","177","2"
"127","192","1"
"127","210","2"
"127","280","2"
"127","388","1"
"127","399","2"
"127","462","2"
"127","536","2"
"127","585","2"
"127","730","2"
"127","755","2"
"127","790","2"
"127","793","2"
"84","854","1"
"128","54","2"
"128","56","2"
"128","159","2"
"128","177","2"
"128","192","2"
"128","287","2"
"128","399","2"
"128","462","2"
"128","536","2"
"128","690","2"
"128","687","2"
"128","736","2"
"128","755","2"
"128","793","2"
"129","38","3"
"129","65","2"
"129","69","1"
"129","114","1"
"129","170","1"
"129","185","2"
"129","855","2"
"130","568","3"
"130","38","3"
"130","413","1"
"130","715","1"
"130","531","0"
"130","412","0"
"130","252","2"
"131","118","2"
"131","852","2"
"131","474","2"
"131","150","2"
"131","155","1"
"131","208","1"
"131","404","2"
"131","675","0"
"131","743","2"
"131","774","0"
"114","858","0"
"132","39","2"
"132","205","2"
"132","212","2"
"132","857","1"
"132","446","1"
"132","451","1"
"132","377","1"
"132","126","0"
"132","783","0"
"132","45","1"
"132","213","2"
"132","383","3"
"131","856","1"
"125","852","1"
"125","856","0"
"125","858","0"
"52","856","0"
"133","860","1"
"133","17","2"
"133","69","1"
"133","208","1"
"133","441","0"
"133","442","3"
"133","455","2"
"133","474","2"
"133","666","3"
"133","674","1"
"133","694","0"
"133","512","2"
"133","714","1"
"133","743","1"
"133","773","1"
"133","786","1"
"133","327","1"
"133","692","1"
"67","862","1"
"67","152","3"
"67","153","1"
"41","736","1"
"134","128","3"
"134","135","1"
"134","136","1"
"134","137","0"
"134","142","1"
"134","144","3"
"134","146","2"
"134","251","3"
"134","329","3"
"134","337","3"
"134","441","0"
"134","442","2"
"134","642","0"
"134","735","3"
"134","736","3"
"134","131","1"
"134","812","1"
"134","833","3"
"104","864","0"
"104","131","1"
"104","812","1"
"89","865","2"
"67","865","1"
"87","861","1"
"135","441","0"
"135","462","3"
"135","536","2"
"135","474","2"
"135","731","2"
"135","572","2"
"135","704","2"
"135","239","1"
"135","833","1"
"135","387","2"
"135","859","2"
"135","442","1"
"135","106","1"
"135","337","1"
"135","822","2"
"41","868","1"
"41","870","2"
"41","873","1"
"41","874","1"
"134","866","1"
"134","868","1"
"134","869","2"
"134","870","1"
"134","873","1"
"134","873","2"
"115","867","0"
"115","866","1"
"115","865","1"
"115","868","0"
"115","869","2"
"115","873","2"
"15","868","0"
"15","870","1"
"87","873","2"
"87","875","2"
"94","867","0"
"112","867","1"
"104","868","0"
"111","869","2"
"111","107","1"
"128","870","2"
"49","870","2"
"112","870","2"
"67","872","1"
"115","872","1"
"112","873","2"
"22","874","2"
"112","874","2"
"29","875","1"
"61","875","1"
"131","875","1"
"88","876","1"
"29","876","1"
"73","67","2"
"73","467","0"
"123","875","1"
"123","875","1"
"123","876","1"
"81","877","2"
"136","878","1"
"136","19","2"
"136","45","2"
"136","51","2"
"136","117","2"
"136","119","0"
"136","225","3"
"136","303","0"
"136","415","0"
"136","452","2"
"136","548","2"
"136","569","0"
"136","574","0"
"136","717","1"
"136","732","0"
"26","879","2"
"61","881","2"
"137","31","1"
"137","83","1"
"137","106","1"
"137","107","3"
"137","128","3"
"137","144","1"
"137","184","2"
"137","239","3"
"137","250","1"
"137","251","3"
"137","365","2"
"137","462","3"
"137","641","1"
"137","710","1"
"137","735","2"
"137","736","1"
"137","762","1"
"137","786","1"
"137","833","1"
"137","861","1"
"137","866","1"
"137","868","0"
"137","869","1"
"137","870","3"
"137","873","1"
"137","874","2"
"138","69","3"
"138","115","2"
"138","176","1"
"138","224","1"
"138","238","2"
"138","260","1"
"138","346","1"
"138","439","1"
"138","458","1"
"138","493","2"
"138","512","1"
"138","561","3"
"138","585","3"
"138","832","0"
"81","66","2"
"139","37","3"
"139","66","2"
"139","741","2"
"139","190","2"
"139","200","0"
"139","278","0"
"139","304","2"
"139","336","0"
"139","396","0"
"139","577","2"
"139","606","1"
"139","675","0"
"139","728","1"
"139","742","0"
"139","38","3"
"139","26","3"
"81","890","2"
"62","859","1"
"84","387","0"
"84","859","0"
"93","387","0"
"136","891","2"
"95","892","3"
"95","893","3"
"3","892","3"
"3","893","3"
"81","140","2"
"131","893","3"
"50","893","3"
"136","857","2"
"62","858","1"
"53","858","0"
"27","858","1"
"81","860","1"
"144","736","3"
"145","736","3"
"145","83","3"
"145","144","3"
"145","147","1"
"145","251","3"
"145","344","3"
"145","395","3"
"145","184","2"
"145","593","2"
"145","710","3"
"145","735","3"
"145","736","3"
"145","812","1"
"101","881","2"
"146","593","2"
"146","857","2"
"146","887","2"
"146","878","2"
"146","51","2"
"146","212","3"
"146","93","2"
"146","677","1"
"146","676","0"
"146","286","1"
"146","417","2"
"146","894","2"
"147","95","1"
"147","406","2"
"147","609","1"
"147","96","1"
"147","655","3"
"147","654","1"
"147","656","1"
"147","513","2"
"147","89","1"
"147","793","2"
"147","637","3"
"147","703","2"
"147","829","1"
"148","721","1"
"148","864","0"
"148","146","1"
"148","201","1"
"148","483","1"
"148","213","0"
"148","89","1"
"148","609","1"
"148","95","0"
"148","611","1"
"148","48","1"
"148","187","2"
"148","20","1"
"146","19","2"
"146","159","2"
"149","895","1"
"149","21","2"
"149","169","1"
"149","6","3"
"149","347","2"
"149","679","1"
"149","903","2"
"60","895","0"
"123","895","0"
"81","896","2"
"150","897","3"
"150","252","2"
"150","551","1"
"150","22","2"
"150","146","2"
"130","897","3"
"129","897","3"
"129","115","2"
"81","898","1"
"149","898","3"
"139","900","2"
"139","901","2"
"139","902","1"
"81","900","2"
"81","901","2"
"151","773","1"
"151","462","3"
"151","883","2"
"151","208","1"
"151","786","1"
"151","875","1"
"151","327","2"
"151","328","1"
"151","512","3"
"151","455","2"
"151","666","3"
"151","674","2"
"151","743","1"
"151","833","1"
"151","904","3"
"29","904","1"
"135","904","1"
"133","905","2"
"27","905","1"
"81","905","2"
"152","905","2"
"152","896","2"
"152","882","2"
"152","120","3"
"152","140","2"
"152","698","1"
"152","728","2"
"152","4","2"
"151","906","0"
"131","906","2"
"68","906","2"
"151","907","1"
"139","907","1"
"87","909","1"
"69","909","0"
"146","909","1"
"109","911","2"
"137","912","2"
"73","921","2"
"28","921","1"
"77","837","1"
"153","6","3"
"153","34","2"
"153","48","2"
"153","49","3"
"153","64","3"
"153","84","1"
"153","91","3"
"153","123","1"
"153","161","2"
"153","217","3"
"153","223","3"
"153","379","3"
"153","400","2"
"153","416","2"
"153","503","3"
"153","570","1"
"153","640","1"
"153","669","1"
"153","829","1"
"153","837","1"
"77","48","3"
"17","387","2"
"154","69","3"
"154","113","1"
"154","114","1"
"154","115","2"
"154","439","1"
"154","585","3"
"154","704","2"
"154","836","2"
"154","855","2"
"154","859","2"
"154","907","1"
"154","387","2"
"17","704","2"
"18","922","2"
"155","197","3"
"155","263","2"
"155","257","0"
"155","306","2"
"155","307","2"
"155","310","3"
"155","450","0"
"155","712","0"
"155","830","1"
"155","758","1"
"155","841","1"
"10","345","1"
"156","257","0"
"156","263","2"
"156","306","3"
"156","307","2"
"156","450","2"
"156","830","0"
"156","310","3"
"156","758","1"
"156","841","1"
"156","265","2"
"156","172","2"
"156","379","2"
"157","64","3"
"157","461","1"
"157","379","3"
"157","332","1"
"157","330","3"
"157","509","3"
"157","12","0"
"157","148","2"
"157","212","1"
"9","379","3"
"149","70","2"
"149","15","1"
"149","912","2"
"149","433","0"
"58","85","0"
"26","85","1"
"158","85","1"
"158","318","2"
"158","327","1"
"158","352","2"
"158","649","0"
"158","526","2"
"158","531","1"
"158","70","0"
"28","923","3"
"73","923","3"
"159","5","1"
"159","26","3"
"159","37","3"
"159","38","3"
"159","352","2"
"159","327","1"
"159","189","1"
"159","480","3"
"159","706","0"
"73","924","2"
"128","924","1"
"129","924","1"
"160","98","2"
"160","186","2"
"160","192","2"
"160","193","2"
"160","829","1"
"160","799","1"
"160","319","1"
"160","879","2"
"160","926","2"
"73","914","2"
"53","426","2"
"53","386","0"
"53","427","2"
"53","914","2"
"84","915","2"
"139","916","2"
"139","917","2"
"133","918","1"
"52","920","2"
"52","900","2"
"52","902","1"
"139","920","2"
"162","28","2"
"162","854","2"
"162","387","2"
"162","790","2"
"162","27","2"
"162","506","1"
"162","664","2"
"162","859","0"
"160","918","0"
"163","55","1"
"163","340","1"
"163","424","0"
"163","436","3"
"163","491","1"
"163","830","1"
"163","318","2"
"163","172","2"
"163","562","2"
"164","20","2"
"164","31","1"
"164","82","1"
"164","107","3"
"164","146","2"
"164","184","2"
"164","536","2"
"164","409","1"
"164","461","1"
"164","812","1"
"164","815","1"
"164","226","1"
"164","251","1"
"164","736","1"
"164","483","1"
"164","903","0"
"94","20","1"
"94","145","1"
"94","372","3"
"94","226","3"
"94","469","1"
"94","337","1"
"94","736","1"
"164","372","3"
"114","929","1"
"165","330","3"
"165","365","2"
"165","873","3"
"165","176","1"
"165","107","3"
"165","172","1"
"165","735","3"
"165","251","3"
"165","736","3"
"165","395","3"
"165","34","1"
"3","930","2"
"81","931","1"
"56","932","2"
"56","933","2"
"12","934","2"
"6","934","2"
"62","934","2"
"35","934","2"
"58","185","2"
"58","510","1"
"58","78","1"
"58","172","1"
"58","652","1"
"58","653","0"
"58","377","0"
"33","213","2"
"170","65","2"
"170","170","1"
"170","185","2"
"170","492","1"
"170","591","0"
"170","616","2"
"170","585","3"
"170","618","0"
"170","617","3"
"170","503","3"
"170","372","2"
"170","246","3"
"170","378","3"
"170","114","1"
"170","885","2"
"170","113","1"
"170","657","1"
"170","855","2"
"170","924","2"
"170","908","2"
"7","513","2"
"171","334","2"
"171","542","2"
"171","809","0"
"171","483","0"
"171","771","2"
"171","934","2"
"171","373","3"
"171","371","2"
"171","653","0"
"171","652","1"
"172","937","1"
"172","925","2"
"172","660","1"
"172","568","3"
"172","768","2"
"172","767","0"
"172","766","0"
"172","474","2"
"172","731","2"
"172","570","1"
"172","87","1"
"172","252","2"
"172","145","1"
"98","937","1"
"173","401","1"
"173","939","1"
"173","139","1"
"173","446","2"
"173","388","2"
"173","549","2"
"173","393","1"
"173","394","1"
"173","795","2"
"173","76","0"
"173","187","2"
"173","1","1"
"173","652","1"
"173","172","1"
"173","185","1"
"173","411","1"
"173","538","0"
"174","940","2"
"174","931","2"
"174","248","2"
"174","707","2"
"174","930","2"
"174","403","0"
"174","741","2"
"174","909","0"
"174","725","0"
"7","943","0"
"45","943","1"
"118","943","1"
"154","944","1"
"175","69","3"
"175","113","1"
"175","114","1"
"175","439","1"
"175","585","3"
"175","859","0"
"175","907","1"
"175","944","1"
"175","387","2"
"175","885","2"
"175","855","2"
"175","115","2"
"175","617","1"
"175","949","0"
"175","687","1"
"175","224","1"
"69","946","1"
"69","371","1"
"69","213","1"
"176","133","1"
"176","146","2"
"176","183","1"
"176","322","1"
"176","369","2"
"176","442","1"
"176","483","1"
"176","565","1"
"176","757","0"
"176","776","1"
"176","778","3"
"176","833","1"
"176","946","1"
"176","213","0"
"176","865","1"
"176","302","2"
"35","947","2"
"177","948","2"
"177","751","2"
"177","321","1"
"177","613","1"
"177","723","0"
"177","350","0"
"154","949","0"
"178","113","2"
"178","115","2"
"178","440","1"
"178","617","2"
"178","585","3"
"178","832","0"
"178","439","1"
"178","340","1"
"178","829","1"
"178","768","2"
"39","752","2"
"50","950","2"
"29","951","1"
"123","951","1"
"138","951","1"
"88","951","1"
"175","951","1"
"179","347","2"
"179","71","2"
"179","606","1"
"179","163","2"
"179","951","1"
"179","164","1"
"179","165","1"
"179","545","0"
"179","25","1"
"179","447","1"
"179","162","1"
"179","679","1"
"179","903","1"
"179","895","2"
"179","172","2"
"180","876","3"
"180","856","2"
"180","852","2"
"180","875","3"
"180","424","2"
"180","464","1"
"180","534","1"
"180","573","1"
"180","907","1"
"180","367","1"
"180","126","2"
"88","952","1"
"20","139","2"
"181","139","2"
"181","401","1"
"181","317","2"
"181","446","2"
"181","125","1"
"181","697","1"
"181","670","1"
"181","309","2"
"181","197","1"
"182","4","1"
"182","13","0"
"173","954","1"
"20","955","2"
"10","955","2"
"139","956","0"
"173","958","2"
"183","542","2"
"183","960","2"
"183","120","3"
"183","882","2"
"183","351","2"
"183","896","2"
"183","883","1"
"183","728","1"
"183","227","0"
"183","961","1"
"129","962","0"
"35","963","1"
"42","963","1"
"125","964","0"
"136","965","1"
"186","966","2"
"108","967","2"
"109","967","2"
"110","967","2"
"62","968","2"
"15","969","1"
"136","969","1"
"187","750","2"
"187","881","2"
"187","704","0"
"187","138","2"
"187","480","3"
"187","553","2"
"187","937","1"
"187","782","1"
"187","492","2"
"187","126","0"
"187","209","2"
"187","469","0"
"187","484","2"
"187","698","0"
"187","437","1"
"110","971","2"
"188","972","1"
"188","25","1"
"188","172","1"
"188","653","1"
"188","721","1"
"188","364","1"
"188","213","1"
"188","483","0"
"188","732","1"
"188","212","2"
"188","199","0"
"188","377","0"
"189","39","2"
"189","52","0"
"189","876","3"
"189","492","1"
"189","599","1"
"189","287","1"
"189","368","2"
"189","914","2"
"189","471","1"
"189","973","2"
"7","974","1"
"49","974","1"
"115","862","1"
"115","974","1"
"69","862","1"
"69","974","1"
"123","975","0"
"156","975","0"
"163","978","3"
"147","978","1"
"105","978","2"
"105","149","1"
"105","464","1"
"105","236","2"
"105","154","1"
"105","557","0"
"105","590","1"
"105","290","1"
"105","827","0"
"105","829","1"
"87","979","1"
"105","979","1"
"21","981","1"
"28","981","1"
"73","981","2"
"176","983","1"
"183","983","1"
"35","983","1"
"35","984","0"
"183","985","2"
"69","986","1"
"10","987","2"
"20","987","2"
"173","988","2"
"20","988","2"
"66","988","2"
"170","989","2"
"69","989","2"
"115","990","1"
"2","991","1"
"160","992","0"
"26","992","0"
"73","992","1"
"129","993","1"
"114","990","1"
"115","994","1"
"123","997","0"
"171","937","1"
"190","896","2"
"190","358","2"
"190","714","1"
"190","883","2"
"190","85","0"
"190","893","1"
"190","999","2"
"139","999","2"
"191","877","2"
"191","999","2"
"191","707","2"
"191","140","2"
"191","882","2"
"191","218","1"
"191","890","2"
"191","920","2"
"191","510","1"
"191","698","1"
"191","960","2"
"191","189","2"
"191","86","0"
"191","291","0"
"190","707","2"
"191","930","2"
"191","1000","2"
"192","999","2"
"192","707","2"
"192","140","2"
"192","510","1"
"192","960","2"
"192","930","2"
"192","1000","2"
"192","48","1"
"192","217","1"
"192","335","2"
"192","336","2"
"192","337","1"
"193","38","1"
"193","796","2"
"193","189","2"
"193","882","2"
"193","999","2"
"193","707","2"
"193","140","2"
"193","510","1"
"193","960","2"
"193","86","2"
"193","930","2"
"193","1000","2"
"193","1001","3"
"194","5","1"
"194","38","1"
"194","37","1"
"194","26","3"
"194","1001","3"
"194","352","2"
"194","86","2"
"194","404","2"
"194","728","1"
"194","725","0"
"194","896","2"
"194","140","2"
"194","777","3"
"126","1001","3"
"195","5","1"
"195","1001","3"
"195","26","3"
"195","728","1"
"195","777","3"
"195","563","2"
"195","527","1"
"195","98","2"
"195","186","2"
"195","358","2"
"130","885","2"
"130","1001","3"
"130","660","1"
"130","218","1"
"130","437","1"
"159","531","0"
"159","437","1"
"159","209","2"
"139","1002","2"
"196","126","0"
"196","140","2"
"196","191","2"
"196","204","2"
"196","947","2"
"196","321","1"
"196","613","1"
"196","689","1"
"196","724","2"
"196","810","0"
"196","542","1"
"196","628","2"
"196","662","0"
"196","185","2"
"196","510","1"
"196","652","1"
"196","377","0"
"112","1003","2"
"197","524","1"
"197","483","0"
"197","1004","1"
"197","1003","3"
"197","775","1"
"197","469","2"
"197","848","1"
"198","1003","2"
"198","1004","1"
"198","213","0"
"198","424","0"
"198","852","0"
"67","1007","0"
"68","1007","1"
"199","599","2"
"199","732","2"
"199","590","2"
"199","45","2"
"199","117","2"
"199","377","2"
"199","576","0"
"199","464","1"
"199","367","0"
"199","997","0"
"199","451","2"
"199","212","1"
"199","1011","2"
"100","1012","2"
"34","1013","2"
"34","627","2"
"100","636","2"
"39","1014","2"
"118","1015","2"
"89","1016","2"
"28","1017","0"
"88","1017","0"
"88","1018","0"
"88","1019","0"
"88","1020","0"
"73","1020","0"
"73","52","0"
"73","1019","0"
"112","1022","1"
"200","14","3"
"200","192","2"
"200","193","2"
"200","319","3"
"200","469","2"
"200","524","1"
"200","527","3"
"200","529","1"
"200","799","2"
"125","1024","2"
"201","230","1"
"201","310","3"
"201","180","2"
"201","653","0"
"201","599","1"
"201","703","3"
"201","1024","2"
"201","25","1"
"201","377","0"
"201","126","0"
"201","875","1"
"201","172","1"
"201","417","2"
"201","46","1"
"201","447","1"
"201","550","1"
"201","1025","2"
"201","55","1"
"201","1026","3"
"160","1027","1"
"201","1029","1"
"202","209","2"
"202","381","2"
"202","229","0"
"202","562","2"
"202","620","2"
"202","318","2"
"202","85","0"
"202","119","0"
"202","211","1"
"202","327","1"
"202","525","0"
"203","85","0"
"203","209","2"
"203","318","2"
"203","525","2"
"203","562","2"
"203","531","1"
"203","211","1"
"203","451","0"
"203","26","3"
"203","352","2"
"28","1030","0"
"204","1030","2"
"204","391","3"
"204","451","2"
"204","25","1"
"204","172","2"
"204","213","2"
"204","433","0"
"204","912","2"
"204","503","1"
"204","687","1"
"204","377","2"
"204","652","1"
"205","205","3"
"205","617","1"
"205","687","3"
"205","185","1"
"205","773","1"
"205","1","1"
"205","546","1"
"205","599","1"
"205","1030","2"
"205","377","1"
"205","451","2"
"205","38","1"
"205","52","0"
"205","1018","0"
"205","510","1"
"205","973","2"
"205","310","2"
"205","1017","0"
"205","492","1"
"62","1030","0"
"206","1030","0"
"206","913","1"
"206","977","2"
"206","931","2"
"206","744","0"
"206","590","2"
"206","763","2"
"206","199","0"
"206","425","2"
"206","441","0"
"206","890","2"
"205","1034","3"
"204","1034","3"
"48","1035","1"
"87","1035","1"
"58","1035","1"
"207","1035","1"
"207","1032","2"
"207","1034","2"
"207","895","0"
"207","973","2"
"207","185","2"
"207","377","2"
"207","59","3"
"207","68","3"
"207","493","2"
"196","1037","2"
"208","188","2"
"208","26","3"
"208","1037","2"
"208","890","0"
"64","253","2"
"209","464","1"
"209","367","1"
"209","280","2"
"209","548","2"
"209","573","1"
"209","1007","0"
"209","545","0"
"209","406","0"
"210","45","2"
"211","557","2"
"211","241","1"
"211","590","2"
"211","290","1"
"211","1034","3"
"211","122","1"
"211","45","2"
"211","117","2"
"211","732","1"
"211","451","0"
"211","716","2"
"199","1038","1"
"209","1039","1"
"212","199","1"
"212","545","1"
"212","590","2"
"212","1034","3"
"212","538","1"
"88","440","0"
"88","439","1"
"154","951","1"
"175","790","2"
"199","1040","2"
"7","1041","2"
"12","510","1"
"45","510","1"
"57","510","1"
"89","510","1"
"89","191","2"
"89","729","2"
"89","350","0"
"213","140","2"
"213","191","2"
"213","302","2"
"213","204","2"
"213","510","1"
"213","689","1"
"213","182","2"
"213","26","3"
"213","810","0"
"213","809","0"
"213","443","0"
"214","8","2"
"214","9","2"
"214","140","2"
"214","183","1"
"214","191","2"
"214","204","2"
"214","302","0"
"214","510","1"
"214","809","0"
"214","810","0"
"12","8","2"
"215","1043","2"
"215","126","2"
"215","997","2"
"215","1034","3"
"215","205","3"
"173","126","0"
"177","126","0"
"216","26","3"
"216","140","2"
"216","86","2"
"216","535","2"
"216","999","2"
"216","191","2"
"216","1044","2"
"24","1044","2"
"23","1044","2"
"177","1045","2"
"213","1045","2"
"35","1045","2"
"196","1045","2"
"62","1045","2"
"68","1045","2"
"118","1045","2"
"217","133","1"
"217","140","2"
"217","191","2"
"217","203","1"
"217","302","2"
"217","321","1"
"217","1045","2"
"217","1045","2"
"217","542","1"
"217","613","1"
"217","662","0"
"217","1015","2"
"217","689","3"
"217","724","2"
"173","1046","0"
"173","545","0"
"173","180","1"
"2","187","2"
"2","197","1"
"2","241","1"
"2","788","0"
"2","139","1"
"2","401","1"
"2","988","1"
"1","139","1"
"1","988","2"
"199","1041","1"
"199","1034","2"
"201","451","2"
"164","145","1"
"164","775","2"
"164","883","1"
"164","1034","3"
"18","126","0"
"18","393","1"
"218","36","2"
"218","343","2"
"218","991","1"
"218","180","2"
"218","788","2"
"218","197","1"
"218","310","1"
"218","1049","1"
"17","26","3"
"17","786","1"
"154","885","2"
"154","786","1"
"17","1050","0"
"154","1050","0"
"5","33","1"
"112","330","3"
"112","814","1"
"9","768","2"
"9","172","1"
"9","975","0"
"64","854","1"
"64","704","2"
"64","175","1"
"64","27","2"
"64","424","0"
"64","340","0"
"64","55","1"
"64","506","2"
"170","973","2"
"170","1034","3"
"170","1051","1"
"170","440","0"
"170","699","1"
"170","699","1"
"112","1052","2"
"219","72","2"
"219","778","3"
"219","1053","3"
"219","1054","3"
"219","623","2"
"219","1055","3"
"220","72","2"
"220","1054","3"
"220","629","2"
"220","1053","3"
"220","778","3"
"220","1055","3"
"219","1056","3"
"220","1056","3"
"221","72","2"
"221","1056","3"
"221","1054","3"
"221","631","2"
"221","1053","3"
"221","778","3"
"221","1055","3"
"222","72","2"
"222","1056","3"
"222","1054","3"
"222","1053","3"
"222","778","3"
"222","628","2"
"222","1055","3"
"223","1034","3"
"223","26","3"
"223","917","2"
"223","882","2"
"223","510","1"
"223","336","2"
"223","120","3"
"223","337","1"
"223","189","0"
"223","47","0"
"223","719","2"
"223","920","2"
"223","901","2"
"223","728","1"
"223","86","2"
"223","1036","0"
"223","140","2"
"223","1000","2"
"223","890","0"
"223","960","2"
"223","698","1"
"223","475","2"
"223","255","0"
"223","425","0"
"223","883","1"
"223","956","0"
"223","999","2"
"223","48","1"
"223","577","0"
"223","741","0"
"223","1047","2"
"224","26","3"
"224","47","0"
"224","1036","2"
"224","86","2"
"224","901","2"
"224","883","1"
"224","425","0"
"224","1034","3"
"224","475","2"
"224","577","2"
"224","189","2"
"224","890","2"
"224","917","2"
"224","920","2"
"224","956","0"
"224","719","2"
"224","741","0"
"224","200","0"
"224","698","1"
"224","856","0"
"224","852","0"
"224","606","1"
"224","653","0"
"224","213","0"
"224","599","1"
"225","26","3"
"225","47","0"
"225","1036","2"
"225","86","2"
"225","901","2"
"225","883","1"
"225","200","0"
"225","213","0"
"225","856","0"
"225","425","0"
"225","852","0"
"225","1034","3"
"225","475","2"
"225","577","0"
"225","189","2"
"225","599","0"
"225","606","1"
"225","890","2"
"225","653","0"
"225","920","2"
"225","698","0"
"225","719","2"
"225","741","0"
"208","47","0"
"208","1036","2"
"208","86","2"
"208","901","2"
"208","883","1"
"208","200","0"
"208","213","0"
"208","856","0"
"208","425","0"
"208","852","0"
"208","1034","3"
"208","475","2"
"208","577","0"
"208","189","2"
"208","599","0"
"208","606","1"
"208","653","0"
"208","920","2"
"208","956","0"
"208","698","0"
"208","719","2"
"208","741","0"
"225","763","2"
"226","26","3"
"226","47","0"
"227","26","3"
"227","47","0"
"227","48","1"
"226","48","1"
"227","1036","0"
"226","1036","0"
"226","86","2"
"227","86","2"
"226","901","2"
"227","901","2"
"226","1000","2"
"227","901","2"
"226","752","0"
"227","752","0"
"226","120","3"
"227","120","3"
"226","140","2"
"227","140","2"
"226","882","2"
"227","882","2"
"226","883","1"
"227","883","1"
"226","985","0"
"227","985","0"
"226","255","0"
"227","255","0"
"226","999","2"
"227","999","2"
"226","336","0"
"227","336","0"
"226","337","1"
"227","337","1"
"226","425","0"
"227","425","0"
"226","1034","3"
"227","1034","3"
"226","475","2"
"227","475","2"
"226","510","1"
"227","510","1"
"227","577","0"
"226","577","0"
"226","189","2"
"227","189","2"
"226","890","0"
"227","890","0"
"226","920","2"
"227","920","2"
"226","1047","2"
"227","1047","2"
"226","956","0"
"227","956","0"
"227","956","0"
"226","698","0"
"227","698","0"
"226","719","2"
"227","719","2"
"226","728","1"
"227","728","1"
"226","960","2"
"227","960","2"
"226","741","0"
"227","741","0"
"227","741","0"
"226","763","2"
"227","763","2"
"226","204","1"
"227","204","1"
"228","204","3"
"229","204","3"
"228","26","3"
"229","26","3"
"228","47","0"
"229","47","0"
"228","48","1"
"229","48","1"
"228","1036","0"
"229","1036","0"
"228","86","2"
"229","86","2"
"228","901","2"
"229","901","2"
"228","1000","2"
"229","1000","2"
"228","120","3"
"229","120","3"
"228","140","2"
"229","140","2"
"228","882","2"
"229","882","2"
"228","883","1"
"229","883","1"
"228","255","0"
"229","255","0"
"228","999","2"
"229","999","2"
"228","336","0"
"229","336","0"
"228","337","1"
"229","337","1"
"228","425","0"
"229","425","0"
"228","1034","3"
"229","1034","3"
"228","475","2"
"229","475","2"
"228","510","1"
"229","510","1"
"228","577","0"
"229","577","0"
"228","189","2"
"229","189","2"
"228","890","1"
"229","890","1"
"228","920","2"
"230","26","3"
"229","920","2"
"228","1047","2"
"230","47","0"
"229","1047","2"
"230","763","2"
"228","956","0"
"229","956","0"
"230","1036","2"
"228","698","1"
"230","86","2"
"229","698","1"
"230","901","2"
"228","719","2"
"229","719","2"
"228","728","1"
"229","728","1"
"228","960","2"
"230","883","1"
"229","960","2"
"230","188","2"
"228","741","0"
"229","741","0"
"228","763","2"
"230","200","0"
"229","763","2"
"230","213","0"
"230","856","0"
"230","425","0"
"230","852","0"
"230","1034","3"
"230","475","2"
"230","577","0"
"230","189","2"
"230","599","0"
"230","606","1"
"230","890","0"
"230","653","0"
"230","920","2"
"230","956","0"
"230","698","0"
"230","719","2"
"230","741","0"
"231","26","3"
"231","47","0"
"231","763","2"
"231","1036","2"
"231","86","2"
"231","901","2"
"231","883","1"
"231","188","2"
"231","200","0"
"231","213","0"
"231","856","0"
"231","425","0"
"231","852","0"
"231","1034","3"
"231","475","2"
"231","577","0"
"231","189","2"
"231","599","0"
"231","606","1"
"231","890","0"
"231","653","0"
"231","920","2"
"231","956","0"
"231","698","0"
"231","719","2"
"231","741","0"
"232","446","2"
"232","139","2"
"232","788","2"
"232","164","2"
"232","606","1"
"232","76","2"
"232","962","1"
"232","953","1"
"232","988","2"
"232","547","2"
"154","440","0"
"233","140","2"
"233","183","3"
"233","191","2"
"233","204","3"
"233","284","1"
"233","285","2"
"233","302","2"
"233","321","0"
"233","350","1"
"233","427","2"
"233","510","1"
"233","532","0"
"233","542","2"
"233","565","2"
"233","613","0"
"233","662","1"
"233","678","1"
"233","689","1"
"233","356","1"
"233","410","2"
"233","724","2"
"233","809","0"
"233","810","0"
"234","729","2"
"234","920","0"
"234","901","0"
"234","126","0"
"234","188","2"
"234","698","1"
"234","865","2"
"234","1032","1"
"234","443","2"
"234","852","0"
"234","1057","2"
"234","140","2"
"173","1059","1"
"173","1060","1"
"93","437","1"
"235","732","2"
"235","50","2"
"235","23","1"
"235","464","1"
"235","372","3"
"235","434","3"
"235","280","2"
"235","335","0"
"235","176","1"
"235","226","1"
"235","75","1"
"235","126","0"
"235","550","1"
"235","783","0"
"235","1034","3"
"235","599","1"
"176","863","1"
"176","151","1"
"176","862","1"
"176","153","1"
"189","1062","2"
"189","1017","2"
"189","1018","0"
"189","1020","0"
"189","1019","0"
"87","1063","1"
"236","387","2"
"236","790","2"
"236","506","2"
"236","505","0"
"236","27","2"
"236","704","2"
"172","1064","1"
"172","437","1"
"172","551","0"
"172","322","1"
"172","103","1"
"172","352","2"
"172","327","1"
"137","1065","1"
"172","1065","1"
"173","1066","1"
"174","1067","1"
"174","1068","2"
"154","1069","1"
"177","532","1"
"39","532","0"
"7","532","1"
"45","532","1"
"10","310","1"
"25","532","1"
"237","121","2"
"237","321","1"
"237","613","1"
"237","441","0"
"237","532","1"
"237","542","2"
"237","858","0"
"237","662","1"
"237","751","2"
"237","42","0"
"237","495","1"
"237","442","1"
"237","387","2"
"53","42","0"
"53","442","1"
"53","613","1"
"154","181","2"
"238","566","1"
"238","698","1"
"238","1067","0"
"238","725","0"
"239","195","1"
"239","256","0"
"239","259","0"
"239","260","1"
"239","261","1"
"239","262","0"
"239","265","2"
"239","303","2"
"239","309","2"
"239","354","2"
"239","404","2"
"239","440","0"
"239","458","1"
"239","1032","2"
"239","493","0"
"239","561","3"
"239","583","1"
"239","584","2"
"239","585","3"
"239","586","3"
"239","608","0"
"239","617","1"
"239","698","1"
"239","703","2"
"239","753","1"
"239","789","2"
"239","1017","0"
"239","221","1"
"27","1076","0"
"240","969","1"
"240","25","1"
"240","207","1"
"240","107","1"
"240","212","3"
"240","225","3"
"240","239","1"
"240","146","1"
"240","941","1"
"240","775","2"
"240","848","3"
"240","551","1"
"240","677","1"
"240","875","1"
"240","184","2"
"240","1034","3"
"240","833","1"
"240","442","1"
"240","462","1"
"240","874","1"
"240","687","1"
"240","903","0"
"240","1035","1"
"240","736","1"
"240","128","3"
"240","452","2"
"240","743","1"
"50","1078","2"
"139","1078","2"
"100","1079","2"
"241","865","1"
"241","151","1"
"241","152","2"
"241","862","1"
"241","153","1"
"241","302","2"
"241","183","1"
"241","322","1"
"241","442","2"
"241","483","1"
"241","565","1"
"241","757","0"
"241","778","1"
"241","833","1"
"241","566","1"
"241","983","3"
"241","350","1"
"241","25","0"
"241","417","2"
"241","700","1"
"241","213","1"
"241","146","2"
"176","566","1"
"176","25","1"
"176","417","2"
"242","25","1"
"242","146","2"
"242","974","1"
"242","1073","0"
"242","183","1"
"242","213","1"
"242","302","2"
"242","983","2"
"242","322","3"
"242","350","1"
"242","417","2"
"242","442","3"
"242","483","1"
"242","565","2"
"242","566","1"
"242","778","1"
"242","833","1"
"242","532","1"
"242","723","1"
"242","776","1"
"242","126","0"
"241","723","0"
"176","723","0"
"241","776","1"
"241","126","0"
"176","126","0"
"243","25","1"
"243","126","0"
"243","146","2"
"243","183","1"
"243","1073","0"
"243","213","1"
"243","302","2"
"243","983","2"
"243","322","1"
"243","350","1"
"243","417","2"
"243","974","1"
"243","442","1"
"243","483","1"
"243","532","1"
"243","565","2"
"243","566","1"
"243","723","1"
"243","776","1"
"243","778","3"
"243","833","1"
"243","678","1"
"243","747","1"
"243","1034","3"
"242","678","1"
"176","1034","3"
"243","989","2"
"176","989","2"
"244","126","0"
"244","782","1"
"244","146","2"
"244","213","1"
"244","274","3"
"244","302","2"
"244","983","3"
"244","322","1"
"244","483","1"
"244","107","1"
"244","698","1"
"244","469","2"
"183","1080","0"
"15","1080","0"
"179","1081","2"
"178","1082","1"
"147","1082","1"
"179","1083","1"
"177","1084","2"
"177","689","1"
"245","948","2"
"245","1084","2"
"245","126","0"
"245","321","1"
"245","613","1"
"245","689","1"
"245","751","2"
"245","9","2"
"245","8","2"
"245","61","2"
"177","9","2"
"177","8","2"
"177","61","2"
"30","1090","2"
"30","155","1"
"30","1091","1"
"30","1093","1"
"53","1096","0"
"39","1096","0"
"35","1097","1"
"35","1098","1"
"15","1099","0"
"246","969","1"
"246","1099","1"
"246","207","1"
"246","551","1"
"246","329","3"
"246","239","3"
"246","875","1"
"246","743","1"
"246","870","3"
"246","107","3"
"246","25","1"
"246","1034","3"
"246","1034","3"
"246","377","0"
"246","172","2"
"247","1100","2"
"247","87","1"
"247","146","2"
"247","775","2"
"247","274","3"
"247","642","2"
"247","442","1"
"247","997","0"
"247","536","2"
"247","322","1"
"247","126","0"
"112","1102","1"
"57","1103","2"
"229","1103","1"
"248","302","2"
"248","420","2"
"248","724","2"
"248","191","2"
"248","534","1"
"248","689","3"
"248","219","1"
"248","711","1"
"248","442","1"
"248","1106","2"
"112","1108","0"
"154","1111","1"
"15","1112","1"
"183","1113","1"
"249","1114","2"
"249","213","2"
"249","99","3"
"249","205","3"
"249","335","2"
"249","1034","3"
"249","315","1"
"250","1034","3"
"250","213","2"
"250","1114","2"
"250","315","1"
"250","793","2"
"250","652","1"
"250","392","0"
"250","185","1"
"2","1115","2"
"1","1115","2"
"20","1116","0"
"251","1118","2"
"251","140","2"
"251","183","1"
"251","191","2"
"251","204","1"
"251","302","2"
"251","510","1"
"251","566","0"
"251","534","1"
"177","1121","1"
"6","1121","1"
"245","1121","1"
"213","1121","1"
"12","1121","1"
"12","1119","0"
"25","1121","1"
"25","1119","0"
"35","1121","1"
"35","1119","0"
"196","1121","1"
"196","1119","0"
"42","1121","1"
"42","1119","0"
"42","1054","3"
"42","140","0"
"45","1121","1"
"45","1119","0"
"57","1121","1"
"57","1119","0"
"58","1119","0"
"251","1121","1"
"251","1119","0"
"89","1121","1"
"89","1119","0"
"233","1121","1"
"233","1119","0"
"118","1121","1"
"118","1119","0"
"217","1121","1"
"217","1119","0"
"46","1124","2"
"139","1124","2"
"177","1119","0"
"245","1119","0"
"6","1119","0"
"213","1119","0"
"234","1121","1"
"234","1119","0"
"252","86","2"
"252","1125","2"
"252","681","3"
"177","204","1"
"104","1099","1"
"13","1008","2"
"239","1008","1"
"21","88","1"
"10","1129","2"
"33","392","1"
"254","501","2"
"254","927","1"
"254","658","1"
"254","881","2"
"254","910","1"
"254","402","2"
"118","1132","0"
"217","1132","0"
"201","1133","0"
"22","1134","0"
"247","1134","0"
"22","82","2"
"255","488","2"
"255","87","2"
"255","528","1"
"255","1134","0"
"255","642","2"
"255","213","1"
"255","442","1"
"255","544","0"
"255","815","1"
"255","146","3"
"255","107","3"
"255","873","1"
"255","529","1"
"255","274","3"
"255","1135","1"
"115","1136","0"
"22","1136","0"
"211","1040","0"
"178","1141","0"
"58","1145","1"
"245","1145","1"
"57","1145","1"
"88","115","2"
"257","927","1"
"257","1041","1"
"257","704","2"
"257","21","2"
"257","28","2"
"257","915","2"
"257","790","2"
"257","506","1"
"257","768","2"
"257","16","1"
"257","575","0"
"258","1033","0"
"258","763","1"
"258","1145","1"
"258","205","3"
"258","706","0"
"258","464","1"
"258","377","1"
"258","367","1"
"258","28","2"
"258","890","1"
"259","879","2"
"259","26","3"
"259","527","1"
"259","186","2"
"259","98","0"
"179","1026","1"
"12","1147","0"
"243","1147","0"
"191","1147","0"
"57","1147","0"
"242","1147","0"
"35","1147","0"
"148","1147","0"
"7","1201","1"
"17","309","1"
"262","584","1"
"262","115","2"
"262","492","2"
"262","471","0"
"262","309","2"
"262","261","0"
"262","1008","2"
"262","59","2"
"262","585","3"
"262","583","1"
"262","51","0"
"262","1017","0"
"262","426","2"
"262","266","0"
"262","265","1"
"262","790","1"
"262","185","2"
"262","65","2"
"262","170","1"
"262","158","1"
"262","369","0"
"275","678","1"
"275","350","1"
"275","73","1"
"275","532","1"
"275","426","1"
"275","793","1"
"275","637","2"
"275","171","0"
"275","729","1"
"275","513","0"
"275","219","1"
"275","557","0"
"275","974","0"
"275","680","0"
"275","102","1"
"275","241","0"
"275","291","0"
"275","539","0"
"275","723","0"
"275","1041","0"
"275","546","1"
"275","943","0"
"275","721","1"
"275","849","0"
"263","930","1"
"263","140","2"
"263","1055","2"
"263","896","1"
"263","763","2"
"263","893","1"
"263","566","1"
"263","294","0"
"264","306","2"
"264","307","1"
"264","165","1"
"264","308","2"
"264","309","2"
"264","310","1"
"264","56","2"
"264","401","1"
"264","354","1"
"264","939","0"
"264","991","0"
"264","557","0"
"264","139","1"
"264","197","1"
"264","362","0"
"264","546","1"
"264","975","0"
"264","539","0"
"264","545","0"
"264","241","0"
"264","179","1"
"264","187","2"
"264","1046","0"
"264","51","0"
"287","111","1"
"287","289","1"
"287","109","2"
"287","453","1"
"287","684","1"
"287","431","0"
"287","108","0"
"287","339","0"
"287","140","0"
"287","191","0"
"287","930","0"
"1","56","1"
"1","115",""
"1","140","0"
"1","179","1"
"1","195","0"
"1","221","1"
"1","241","0"
"1","262","0"
"1","265",""
"1","349","0"
"1","388","0"
"1","426","0"
"1","539","0"
"1","547","1"
"1","585","1"
"1","589","0"
"1","637","1"
"1","698","0"
"1","789","1"
"1","793","0"
"1","939","0"
"1","975","0"
"1","991","0"
"1","1046","0"
"2","3","1"
"2","25","0"
"2","26","1"
"2","77",""
"2","149","0"
"2","154","0"
"2","163","1"
"2","165",""
"2","191","0"
"2","242","0"
"2","291","0"
"2","308","0"
"2","309","0"
"2","349","0"
"2","426","0"
"2","470",""
"2","482",""
"2","547","1"
"2","578","1"
"2","637","1"
"2","696","0"
"2","781","0"
"2","805","0"
"2","875","1"
"2","939","0"
"4","172","1"
"4","212","1"
"4","306","1"
"4","445","1"
"4","452","0"
"4","502","0"
"4","546","1"
"4","574",""
"4","601",""
"4","677","1"
"5","19","0"
"5","25","0"
"5","51","0"
"5","59","1"
"5","101","0"
"5","225","1"
"5","369",""
"5","445","1"
"5","502","0"
"5","569","0"
"5","601",""
"5","676","0"
"5","677","1"
"5","878",""
"5","1034","1"
"5","1151","0"
"6","4","0"
"6","13","0"
"6","18","0"
"6","61","0"
"6","67","1"
"6","120","1"
"6","121","0"
"6","133","0"
"6","151","0"
"6","153","0"
"6","171","0"
"6","203","0"
"6","220","0"
"6","244","0"
"6","269","0"
"6","291","0"
"6","360","0"
"6","414","0"
"6","426","0"
"6","566","0"
"6","639","0"
"6","667",""
"6","684","0"
"6","700","1"
"6","703","1"
"6","740","0"
"6","751","0"
"6","752","0"
"6","789","1"
"6","834","0"
"6","862","0"
"6","946","0"
"6","1014","0"
"6","1016","0"
"6","1054","1"
"6","1106","0"
"6","1138","0"
"7","56","1"
"7","61","0"
"7","65","0"
"7","73","0"
"7","77",""
"7","115",""
"7","140","0"
"7","163","1"
"7","165",""
"7","171","0"
"7","179","1"
"7","191","0"
"7","195","0"
"7","197","1"
"7","291","0"
"7","302","0"
"7","307","0"
"7","426","0"
"7","440","0"
"7","483","0"
"7","534","1"
"7","539","0"
"7","547","1"
"7","565","0"
"7","584",""
"7","585","1"
"7","599",""
"7","600",""
"7","617","1"
"7","662","0"
"7","665",""
"7","667",""
"7","680","0"
"7","698","0"
"7","703","1"
"7","720","1"
"7","757","0"
"7","789","1"
"7","805","0"
"7","849","0"
"7","852","0"
"7","934","0"
"7","1138","0"
"9","25","0"
"9","257","0"
"9","265",""
"9","308","0"
"9","309","0"
"9","310","1"
"9","354","0"
"9","446","0"
"9","758","1"
"9","829","1"
"11","4","0"
"11","133","0"
"11","195","0"
"11","426","0"
"11","443","0"
"11","466","0"
"11","539","0"
"11","585","1"
"11","698","0"
"11","703","1"
"11","793","0"
"11","852","0"
"11","1057","0"
"11","1061","1"
"13","4","0"
"13","25","0"
"13","26","1"
"13","51","0"
"13","59","1"
"13","65","0"
"13","115",""
"13","165",""
"13","185","1"
"13","191","0"
"13","266","0"
"13","307","0"
"13","426","0"
"13","618","0"
"13","729","0"
"13","732",""
"13","790","0"
"13","811","0"
"13","834","0"
"13","997","0"
"13","1151","0"
"14","56","1"
"14","69","1"
"14","308","0"
"14","413","0"
"14","637","1"
"14","768","0"
"15","19","0"
"15","20","0"
"15","25","0"
"15","30","1"
"15","51","0"
"15","91","1"
"15","93","0"
"15","99","1"
"15","143","0"
"15","175","1"
"15","212","1"
"15","227",""
"15","445","1"
"15","452","0"
"15","464","0"
"15","483","0"
"15","502","0"
"15","520","0"
"15","548",""
"15","569","0"
"15","574",""
"15","595",""
"15","600",""
"15","601",""
"15","676","0"
"15","677","1"
"15","732",""
"15","878",""
"15","1026","1"
"15","1034","1"
"15","1151","0"
"16","56","1"
"16","187","0"
"16","290","0"
"16","644","1"
"16","646","0"
"16","647","0"
"16","653","0"
"16","1034","1"
"17","27","0"
"17","65","0"
"17","265",""
"17","572",""
"17","594","0"
"17","657","1"
"17","716","0"
"17","768","0"
"17","783","0"
"17","790","0"
"17","822","0"
"17","915",""
"19","19","0"
"19","25","0"
"19","51","0"
"19","90","0"
"19","171","0"
"19","175","1"
"19","227",""
"19","277","0"
"19","464","0"
"19","502","0"
"19","520","0"
"19","548",""
"19","569","0"
"19","574",""
"19","601",""
"19","676","0"
"19","677","1"
"19","732",""
"19","878",""
"19","1041","0"
"19","1151","0"
"20","179","1"
"20","180","1"
"20","308","0"
"20","310","1"
"20","317","0"
"20","644","1"
"20","697","1"
"20","822","0"
"20","875","1"
"20","1034","1"
"21","12","0"
"21","19","0"
"21","25","0"
"21","26","1"
"21","33","1"
"21","39","0"
"21","51","0"
"21","107","1"
"21","109","1"
"21","130","1"
"21","170","0"
"21","184","0"
"21","227",""
"21","308","0"
"21","329","1"
"21","335",""
"21","365","1"
"21","372","1"
"21","395","1"
"21","409",""
"21","445","1"
"21","461","0"
"21","462","1"
"21","469","0"
"21","585","1"
"21","593","0"
"21","597","0"
"21","600",""
"21","601",""
"21","617","1"
"21","652","1"
"21","653","0"
"21","687","1"
"21","704","0"
"21","715","1"
"21","732",""
"21","790","0"
"21","811","0"
"21","816","0"
"21","818","0"
"21","822","0"
"21","838","1"
"21","848","1"
"21","867","0"
"21","874","1"
"21","875","1"
"21","921","1"
"21","923","1"
"21","987","0"
"21","1007","0"
"21","1008","1"
"21","1025","0"
"21","1034","1"
"23","4","0"
"23","140","0"
"23","188","0"
"23","191","0"
"23","232","0"
"23","233","0"
"23","344","1"
"23","409",""
"23","461","0"
"23","553",""
"23","704","0"
"23","915",""
"23","1144",""
"24","12","0"
"24","27","0"
"24","138",""
"24","140","0"
"24","188","0"
"24","191","0"
"24","209","0"
"24","210","0"
"24","232","0"
"24","233","0"
"24","244","0"
"24","332","0"
"24","344","1"
"24","409",""
"24","443","0"
"24","474","0"
"24","506","0"
"24","562","0"
"24","684","0"
"24","704","0"
"24","750","0"
"24","768","0"
"24","790","0"
"24","818","0"
"24","822","0"
"24","877",""
"24","930","0"
"24","1144",""
"25","62","0"
"25","133","0"
"25","151","0"
"25","203","0"
"25","269","0"
"25","291","0"
"25","360","0"
"25","426","0"
"25","441","0"
"25","565","0"
"25","662","0"
"25","667",""
"25","752","0"
"25","946","0"
"25","1106","0"
"28","25","0"
"28","26","1"
"28","39","0"
"28","51","0"
"28","67","1"
"28","105","1"
"28","175","1"
"28","184","0"
"28","215","1"
"28","227",""
"28","335",""
"28","391","1"
"28","468","1"
"28","502","0"
"28","687","1"
"28","715","1"
"28","814","1"
"28","867","0"
"28","982","1"
"28","1018","0"
"28","1019","0"
"28","1020","0"
"29","69","1"
"29","115",""
"29","186","0"
"29","308","0"
"29","442","1"
"29","453",""
"29","637","1"
"29","687","1"
"29","768","0"
"29","822","0"
"29","852","0"
"29","1050","0"
"29","1055","1"
"32","56","1"
"32","73","0"
"32","291","0"
"32","406","0"
"32","492","1"
"32","584",""
"32","585","1"
"32","589","0"
"32","654","1"
"32","655","1"
"32","656","1"
"32","665",""
"32","698","0"
"32","729","0"
"32","1059","1"
"36","11","1"
"36","114","0"
"36","187","0"
"36","188","0"
"36","307","0"
"36","309","0"
"36","446","0"
"36","525","0"
"36","572",""
"36","694","0"
"36","771","0"
"36","822","0"
"36","885","1"
"36","896","0"
"36","920","0"
"36","967","0"
"36","1064",""
"37","56","1"
"37","62","0"
"37","63","0"
"37","73","0"
"37","96","0"
"37","121","0"
"37","140","0"
"37","171","0"
"37","179","1"
"37","187","0"
"37","191","0"
"37","219","1"
"37","269","0"
"37","290","0"
"37","291","0"
"37","308","0"
"37","350","0"
"37","356","1"
"37","532","0"
"37","539","0"
"37","557","0"
"37","589","0"
"37","637","1"
"37","678","0"
"37","689","1"
"37","698","0"
"37","729","0"
"37","792","0"
"37","793","0"
"37","795","0"
"37","934","0"
"37","958","1"
"37","1041","0"
"37","1095","0"
"37","1106","0"
"38","19","0"
"38","25","0"
"38","51","0"
"38","175","1"
"38","212","1"
"38","227",""
"38","445","1"
"38","595",""
"38","601",""
"38","676","0"
"38","1112","1"
"39","4","0"
"39","120","1"
"39","171","0"
"39","203","0"
"39","246","1"
"39","269","0"
"39","291","0"
"39","293","0"
"39","294",""
"39","302","0"
"39","325","0"
"39","414","0"
"39","426","0"
"39","443","0"
"39","449",""
"39","510","1"
"39","552","0"
"39","565","0"
"39","566","0"
"39","662","0"
"39","698","0"
"39","729","0"
"39","863","1"
"39","882",""
"39","890","0"
"39","934","0"
"39","946","0"
"39","986","1"
"39","1013","0"
"39","1053","1"
"39","1054","1"
"39","1055","1"
"39","1079",""
"39","1106","0"
"39","1138","0"
"41","4","0"
"41","25","0"
"41","27","0"
"41","33","1"
"41","51","0"
"41","87","0"
"41","93","0"
"41","107","1"
"41","138",""
"41","184","0"
"41","191","0"
"41","209","0"
"41","212","1"
"41","227",""
"41","239","1"
"41","266","0"
"41","350","0"
"41","364","0"
"41","365","1"
"41","387","0"
"41","395","1"
"41","442","1"
"41","445","1"
"41","505","0"
"41","528","1"
"41","535","0"
"41","572",""
"41","593","0"
"41","596","1"
"41","600",""
"41","626",""
"41","672",""
"41","732",""
"41","750","0"
"41","768","0"
"41","782","0"
"41","822","0"
"41","834","0"
"41","848","1"
"41","1080","0"
"41","1155","0"
"49","20","0"
"49","152","1"
"49","187","0"
"49","214","0"
"49","513","0"
"49","637","1"
"49","1034","1"
"51","19","0"
"51","23","1"
"51","25","0"
"51","51","0"
"51","227",""
"51","445","1"
"51","469","0"
"51","502","0"
"51","569","0"
"51","595",""
"51","676","0"
"51","677","1"
"51","732",""
"51","878",""
"51","1034","1"
"51","1151","0"
"52","77",""
"52","127","0"
"52","140","0"
"52","188","0"
"52","227",""
"52","347","0"
"52","425",""
"52","441","0"
"52","577","0"
"52","652","1"
"52","684","0"
"52","696","0"
"52","719","0"
"52","805","0"
"52","877",""
"52","890","0"
"52","967","0"
"52","1043","0"
"54","1","1"
"54","56","1"
"54","73","0"
"54","163","1"
"54","165",""
"54","179","1"
"54","197","1"
"54","291","0"
"54","492","1"
"54","584",""
"54","585","1"
"54","659","1"
"54","665",""
"54","698","0"
"54","729","0"
"54","788","0"
"54","793","1"
"54","1059","1"
"57","4","0"
"57","8","0"
"57","61","0"
"57","62","0"
"57","63","0"
"57","73","0"
"57","78",""
"57","121","0"
"57","291","0"
"57","356","1"
"57","407","0"
"57","418",""
"57","419",""
"57","426","0"
"57","441","0"
"57","463","0"
"57","466","0"
"57","483","0"
"57","534","1"
"57","566","0"
"57","658","0"
"57","661","1"
"57","703","1"
"57","751","0"
"57","934","0"
"57","947","0"
"57","948","0"
"57","974","0"
"57","1055","1"
"57","1084","0"
"57","1106","0"
"57","1138","0"
"57","1154","0"
"66","51","0"
"66","74","1"
"66","139","0"
"66","187","0"
"66","214","0"
"66","265",""
"66","306","1"
"66","309","0"
"66","329","1"
"66","362",""
"66","401","0"
"66","445","1"
"66","548",""
"66","592",""
"66","599",""
"66","601",""
"66","687","1"
"66","788","0"
"66","789","1"
"66","793","0"
"66","816","0"
"66","822","0"
"66","955","0"
"66","987","0"
"66","1008","1"
"66","1034","1"
"67","4","0"
"67","18","0"
"67","42","0"
"67","61","0"
"67","73","0"
"67","140","0"
"67","151","0"
"67","191","0"
"67","244","0"
"67","265",""
"67","291","0"
"67","320","0"
"67","329","1"
"67","426","0"
"67","462","1"
"67","469","0"
"67","509","1"
"67","532","0"
"67","565","0"
"67","660","1"
"67","667",""
"67","698","0"
"67","720","1"
"67","721","1"
"67","729","0"
"67","934","0"
"67","1155","0"
"70","51","0"
"70","212","1"
"70","214","0"
"70","600",""
"70","732",""
"70","1034","1"
"70","1041","0"
"70","1145","0"
"72","77",""
"72","127","0"
"72","160","0"
"72","313","0"
"72","514","0"
"72","696","0"
"72","805","0"
"72","967","0"
"75","79",""
"75","792","0"
"81","4","0"
"81","77",""
"81","149","0"
"81","189",""
"81","313","0"
"81","336",""
"81","345","0"
"81","351","0"
"81","425",""
"81","442","1"
"81","443","0"
"81","453",""
"81","684","0"
"81","698","0"
"81","719","0"
"81","763",""
"81","805","0"
"81","810","0"
"81","822","0"
"81","876","1"
"81","883","0"
"81","893","1"
"81","916","0"
"81","917","0"
"81","920","0"
"81","930","0"
"81","940",""
"81","960","0"
"81","967","0"
"81","997","0"
"81","1001","1"
"81","1033","0"
"81","1034","1"
"81","1037",""
"81","1057","0"
"81","1145","0"
"88","26","1"
"88","39","0"
"88","51","0"
"88","59","1"
"88","67","1"
"88","105","1"
"88","130","1"
"88","335",""
"88","368","1"
"88","369",""
"88","378","1"
"88","387","0"
"88","471","0"
"88","548",""
"88","572",""
"88","653","0"
"88","687","1"
"88","704","0"
"88","732",""
"88","768","0"
"88","789","1"
"88","790","0"
"88","822","0"
"88","927","0"
"88","958","1"
"88","973","1"
"88","993","0"
"88","997","0"
"88","1008","1"
"88","1041","0"
"88","1050","0"
"88","1111","1"
"93","27","0"
"93","54","0"
"93","115",""
"93","119",""
"93","127","0"
"93","209","0"
"93","244","0"
"93","265",""
"93","309","0"
"93","352","0"
"93","412","0"
"93","413","0"
"93","474","0"
"93","525","0"
"93","536","0"
"93","568","1"
"93","704","0"
"93","822","0"
"93","915",""
"96","19","0"
"96","25","0"
"96","33","1"
"96","51","0"
"96","93","0"
"96","212","1"
"96","225","1"
"96","227",""
"96","444",""
"96","676","0"
"96","732",""
"96","878",""
"96","1034","1"
"108","149","0"
"108","313","0"
"108","696","0"
"108","793","0"
"108","797","0"
"108","801","0"
"108","805","0"
"113","11","1"
"113","25","0"
"113","51","0"
"113","56","1"
"113","76","0"
"113","162","1"
"113","163","1"
"113","197","1"
"113","227",""
"113","241","0"
"113","259","0"
"113","265",""
"113","307","0"
"113","309","0"
"113","310","1"
"113","329","1"
"113","362",""
"113","387","0"
"113","513","0"
"113","550","1"
"113","572",""
"113","592",""
"113","593","0"
"113","601",""
"113","637","1"
"113","653","0"
"113","768","0"
"113","788","0"
"113","793","0"
"113","816","0"
"113","822","0"
"113","987","0"
"113","1034","1"
"113","1112","1"
"120","27","0"
"120","54","0"
"120","115",""
"120","119",""
"120","127","0"
"120","209","0"
"120","244","0"
"120","265",""
"120","309","0"
"120","352","0"
"120","387","0"
"120","412","0"
"120","413","0"
"120","437","1"
"120","474","0"
"120","525","0"
"120","536","0"
"120","568","1"
"120","704","0"
"120","822","0"
"120","915",""
"121","25","0"
"121","51","0"
"121","184","0"
"121","239","1"
"121","246","1"
"121","329","1"
"121","371","0"
"121","462","1"
"121","548",""
"121","565","0"
"121","601",""
"121","658","0"
"121","677","1"
"121","693","0"
"121","737",""
"121","749","1"
"121","848","1"
"121","934","0"
"121","938","0"
"121","994","1"
"121","1034","1"
"218","74","1"
"218","179","1"
"218","306","1"
"218","307","0"
"218","308","0"
"218","394","1"
"218","401","0"
"236","83","1"
"236","147","1"
"236","550","1"
"236","560","0"
"236","572",""
"236","594","0"
"236","822","0"
"236","915",""
"238","4","0"
"238","26","1"
"238","36","0"
"238","44",""
"238","66","2"
"238","77",""
"238","81","0"
"238","124","0"
"238","127","0"
"238","140","0"
"238","188","0"
"238","189","2"
"238","227",""
"238","244","0"
"238","313","0"
"238","314","0"
"238","336",""
"238","351","0"
"238","431","1"
"238","441","0"
"238","443","0"
"238","453",""
"238","466","0"
"238","535","0"
"238","560","0"
"238","577","0"
"238","643","0"
"238","647","0"
"238","684","0"
"238","719","2"
"238","763","2"
"238","766","0"
"238","796","2"
"238","805","0"
"238","827","0"
"238","849","0"
"238","877",""
"238","890","1"
"238","893","1"
"238","896","0"
"238","900","0"
"238","901","0"
"238","909","0"
"238","917","2"
"238","930","0"
"238","931","0"
"238","940","2"
"238","977","2"
"238","997","0"
"238","1037",""
"238","1054","1"
"238","1057","0"
"238","1068","0"
"238","1145","0"
"238","1154","0"
"262","4","0"
"262","52","0"
"262","67","1"
"262","105","1"
"262","109","1"
"262","130","1"
"262","140","0"
"262","163","2"
"262","164","1"
"262","165",""
"262","175","1"
"262","191","1"
"262","194","1"
"262","221","1"
"262","224","1"
"262","227",""
"262","238","1"
"262","256","0"
"262","259","1"
"262","260","1"
"262","291","0"
"262","310","1"
"262","354","1"
"262","368","1"
"262","387","0"
"262","440","0"
"262","453",""
"262","493","0"
"262","546","1"
"262","548",""
"262","561","2"
"262","586","1"
"262","608","0"
"262","616","1"
"262","617","2"
"262","619","0"
"262","665",""
"262","698","1"
"262","703","1"
"262","722","1"
"262","729","2"
"262","732",""
"262","838","1"
"262","876","1"
"262","921","1"
"262","934","0"
"262","952","1"
"262","981","1"
"262","993","0"
"262","1018","0"
"262","1019","0"
"262","1020","0"
"262","1069","1"
"263","204","1"
"263","336",""
"263","684","0"
"263","719","0"
"263","905","0"
"263","916","0"
"263","1054","2"
"263","1057","0"
"264","25","0"
"264","77",""
"264","115",""
"264","120","1"
"264","140","0"
"264","154","0"
"264","163","1"
"264","215","1"
"264","236","1"
"264","290","0"
"264","339",""
"264","388","1"
"264","511","0"
"264","513","0"
"264","550","1"
"264","637","1"
"264","781","0"
"264","788","0"
"264","790","0"
"264","793","0"
"264","805","0"
"264","856","0"
"264","875","1"
"264","967","0"
"264","987","0"
"264","988","2"
"264","1115","0"
"264","1138","0"
"275","1","1"
"275","42","0"
"275","44",""
"275","61","0"
"275","96","0"
"275","134","1"
"275","140","0"
"275","187","0"
"275","191","0"
"275","302","0"
"275","307","0"
"275","470",""
"275","565","0"
"275","578","1"
"275","585","1"
"275","601",""
"275","643","0"
"275","665",""
"275","703","1"
"275","795","0"
"275","813","1"
"275","852","0"
"275","934","0"
"275","968","1"
"275","1030","0"
"275","1043","0"
"275","1106","0"
"275","1119","0"
"275","1121","1"
"275","1133","0"
"287","466","0"
"287","1057","0"
"291","20","1"
"291","26","2"
"291","122","1"
"291","367","0"
"291","207","0"
"291","212","2"
"291","676","0"
"291","50","0"
"291","226","1"
"291","687","1"
"291","658","0"
"291","1034","2"
"291","23","1"
"291","329","1"
"291","106","1"
"291","107","1"
"265","212","2"
"265","93","1"
"265","676","1"
"265","595","1"
"265","445","1"
"265","1151","1"
"265","732","1"
"265","23","1"
"265","171","0"
"265","51","0"
"292","21","2"
"292","23","2"
"292","31","1"
"292","969","1"
"292","39","0"
"292","869","2"
"292","128","3"
"292","873","1"
"292","146","1"
"292","185","1"
"292","205","3"
"292","207","1"
"292","213","0"
"292","215","3"
"292","226","2"
"292","246","1"
"292","247","1"
"292","251","3"
"292","1112","1"
"292","870","1"
"292","935","1"
"292","367","1"
"292","372","3"
"292","375","2"
"292","376","2"
"292","377","1"
"292","378","3"
"292","687","3"
"292","395","2"
"292","1099","0"
"292","448","1"
"292","868","0"
"292","462","3"
"292","1035","1"
"292","874","1"
"292","652","1"
"292","653","0"
"292","657","3"
"292","912","2"
"292","692","1"
"292","699","1"
"292","848","3"
"292","961","1"
"292","979","1"
"292","736","2"
"264","399","2"
"264","394","1"
"264","450","1"
"293","128","3"
"293","144","2"
"293","146","2"
"293","251","3"
"293","329","3"
"293","337","3"
"293","868","1"
"293","735","2"
"293","736","3"
"293","833","3"
"293","866","1"
"293","131","1"
"293","135","1"
"293","136","1"
"293","137","0"
"293","142","1"
"293","873","2"
"293","870","1"
"293","441","0"
"293","442","2"
"293","642","0"
"293","812","1"
"293","869","2"
"294","128","2"
"294","184","2"
"294","239","2"
"294","251","2"
"294","870","2"
"294","365","2"
"294","462","3"
"294","874","2"
"294","735","2"
"294","31","1"
"294","869","2"
"294","83","1"
"294","106","1"
"294","866","1"
"294","873","1"
"294","144","1"
"294","250","1"
"294","868","1"
"294","1065","1"
"294","641","1"
"294","912","1"
"294","710","2"
"294","736","2"
"294","762","1"
"294","786","1"
"294","833","2"
"294","107","3"
"295","108","2"
"295","110","0"
"295","289","2"
"295","111","2"
"295","599","2"
"295","543","1"
"295","158","3"
"295","1034","3"
"295","109","2"
"295","576","0"
"295","453","1"
"55","78","1"
"87","1257","2"
"87","848","2"
"116","451","1"
"116","927","1"
"116","1024","1"
"123","1275","0"
"123","1277","0"
"123","1293","0"
"123","1295","0"
"123","1319","0"
"123","1321","0"
"123","1333","0"
"123","1339","0"
"123","1361","0"
"123","1263","1"
"123","1265","1"
"123","1267","0"
"6","1275","0"
"6","1317","0"
"6","1363","1"
"6","1369","0"
"57","1275","0"
"57","1317","0"
"57","1331","0"
"57","1333","0"
"57","1369","1"
"57","1373","0"
"57","1423","0"
"57","1166","1"
"31","1275","0"
"31","1277","0"
"31","1279","0"
"31","1295","0"
"31","1319","0"
"31","1321","0"
"31","1339","0"
"116","1275","0"
"116","1277","0"
"116","1279","0"
"116","1293","0"
"116","1295","0"
"116","1297","0"
"116","1305","0"
"116","1319","0"
"116","1321","0"
"116","1361","0"
"116","1387","0"
"116","1263","1"
"66","1277","0"
"66","1297","0"
"66","1301","1"
"66","1305","0"
"66","1339","0"
"66","1363","1"
"66","1375","1"
"66","1379","0"
"66","1251","0"
"66","1389","0"
"66","1435","0"
"66","1263","1"
"2","1277","0"
"173","1277","0"
"262","1277","0"
"262","1293","0"
"262","1321","0"
"262","1339","0"
"262","1361","0"
"262","1363","1"
"262","1433","1"
"105","1279","0"
"74","1279","0"
"108","1279","0"
"113","1281","0"
"113","1285","1"
"113","1297","0"
"113","1301","1"
"113","1333","0"
"113","1363","1"
"113","1375","1"
"113","1379","0"
"113","1381","0"
"113","1251","0"
"113","1387","0"
"113","1435","0"
"87","1281","0"
"87","1291","0"
"87","1303","1"
"87","1335","0"
"87","1365","0"
"87","1395","0"
"87","1255","1"
"87","1257","2"
"150","1281","0"
"132","1281","0"
"28","1281","0"
"88","1281","0"
"88","1285","0"
"88","1293","0"
"88","1317","0"
"88","1319","0"
"88","1321","0"
"88","1339","0"
"88","1345","0"
"88","1361","0"
"88","1387","0"
"88","1415","0"
"88","1433","0"
"16","1281","0"
"16","1333","0"
"16","1351","0"
"16","1251","1"
"112","1283","2"
"112","1299","0"
"112","1303","1"
"112","1315","1"
"112","1349","1"
"112","1353","0"
"112","1355","0"
"112","1357","0"
"112","1249","0"
"112","1363","1"
"112","1397","1"
"112","1255","1"
"41","1283","2"
"41","1301","1"
"41","1303","1"
"41","1331","0"
"41","1349","0"
"41","1389","0"
"41","1399","1"
"41","1409","0"
"41","1435","1"
"41","1261","0"
"46","1285","2"
"20","1285","2"
"20","1329","0"
"20","1375","2"
"20","1379","0"
"20","1387","0"
"81","1285","2"
"81","1317","0"
"81","1339","0"
"81","1385","0"
"81","1387","0"
"194","1285","2"
"159","1285","2"
"98","1285","0"
"35","1287","2"
"35","1289","0"
"196","1287","2"
"8","1287","0"
"8","1359","0"
"8","1383","0"
"8","1393","0"
"8","1439","1"
"227","1289","1"
"238","1289","1"
"3","1289","0"
"29","1289","0"
"29","1305","0"
"29","1329","0"
"29","1367","1"
"29","1273","0"
"146","1291","0"
"146","1335","0"
"121","1293","0"
"121","1255","1"
"121","1257","1"
"104","1293","0"
"104","1345","0"
"104","1395","0"
"94","1293","0"
"94","1303","2"
"94","1309","0"
"94","1315","1"
"94","1345","0"
"94","1395","0"
"94","1409","0"
"69","1293","0"
"69","1301","0"
"69","1325","0"
"69","1393","0"
"69","1399","1"
"69","1409","0"
"69","1255","1"
"264","1295","0"
"264","1305","1"
"264","1339","0"
"264","1363","1"
"264","1375","2"
"264","1379","0"
"264","1381","0"
"264","1251","1"
"264","1263","1"
"179","1295","0"
"179","1305","2"
"52","1295","0"
"52","1311","0"
"52","1405","0"
"52","1417","0"
"52","1421","2"
"214","1297","0"
"214","1369","1"
"214","1373","0"
"214","1423","0"
"58","1297","0"
"112","1357","0"
"112","1249","0"
"22","1299","0"
"112","1365","0"
"112","1395","0"
"28","1301","1"
"28","1303","2"
"291","1301","0"
"291","1309","0"
"291","1329","0"
"291","1335","0"
"21","1301","1"
"21","1363","1"
"21","1389","0"
"21","1399","1"
"21","1433","1"
"21","1435","1"
"94","1301","0"
"69","1303","1"
"69","1315","1"
"69","1363","1"
"69","1373","0"
"69","1387","0"
"104","1303","1"
"104","1309","0"
"104","1315","1"
"115","1303","1"
"115","1315","1"
"115","1329","0"
"115","1389","0"
"115","1395","0"
"115","1399","1"
"115","1409","0"
"186","1245","1"
"186","1415","0"
"212","1307","1"
"246","1309","0"
"246","1365","0"
"240","1309","0"
"240","1387","0"
"240","1435","1"
"19","1309","0"
"5","1309","0"
"5","1415","0"
"238","1311","1"
"238","1385","0"
"238","1421","2"
"164","1315","1"
"164","1365","0"
"247","1315","1"
"247","1409","0"
"244","1315","1"
"6","1331","0"
"6","1333","0"
"17","1317","0"
"17","1319","0"
"17","1321","0"
"17","1361","0"
"17","1261","1"
"101","1317","0"
"178","1319","0"
"178","1361","0"
"188","1247","0"
"206","1323","1"
"100","1325","0"
"242","1331","0"
"242","1423","1"
"241","1331","0"
"45","1331","0"
"45","1373","1"
"7","1331","0"
"7","1351","0"
"47","1333","0"
"292","1333","0"
"292","1399","1"
"292","1435","1"
"76","1337","0"
"62","1345","0"
"171","1345","0"
"171","1431","0"
"51","1345","0"
"55","1347","0"
"82","1351","1"
"160","1355","0"
"160","1249","0"
"160","1367","1"
"195","1355","0"
"195","1367","1"
"26","1357","0"
"26","1249","0"
"26","1367","1"
"89","1359","1"
"12","1369","1"
"118","1383","1"
"228","1369","0"
"229","1369","1"
"217","1383","1"
"131","1385","0"
"187","1393","0"
"53","1253","0"
"53","1399","1"
"53","1429","1"
"53","1339","0"
"237","1253","0"
"22","1397","1"
"38","1403","1"
"191","1405","0"
"171","1535","0"
"121","1535","0"
"94","1535","0"
"287","1533","0"
"287","1531","0"
"287","1529","0"
"287","1525","0"
"295","1531","0"
"295","1529","0"
"295","1525","0"
"39","1505","0"
"69","1505","0"
"292","1537","1"
"19","1537","1"
"91","1503","2"
"183","1501","0"
"81","1501","0"
"287","1523","1"
"147","1497","0"
"173","1497","0"
"264","1497","0"
"32","1509","0"
"264","1509","0"
"66","1509","0"
"113","1509","0"
"33","1509","0"
"72","1509","0"
"29","1509","0"
"82","1495","0"
"29","1495","0"
"206","1425","0"
"126","1493","0"
"111","1409","0"
"39","1489","0"
"67","1409","0"
"197","1255","2"
"49","1257","1"
"207","1415","0"
"205","1415","0"
"29","1487","0"
"186","1415","0"
"29","1455","0"
"258","1417","0"
"258","1415","0"
"1","1267","0"
"174","1421","1"
"191","1421","1"
"76","1259","0"
"188","1259","0"
"188","1337","0"
"179","1267","0"
"116","1267","0"
"116","1443","1"
"116","1513","0"
"116","1515","0"
"116","1463","1"
"116","1519","1"
"123","1267","0"
"66","1267","0"
"66","1443","1"
"66","1513","0"
"113","1267","0"
"113","1443","1"
"264","1269","0"
"264","1443","1"
"264","1515","0"
"41","1269","0"
"41","1467","0"
"69","1269","0"
"115","1269","0"
"94","1269","0"
"94","1445","0"
"94","1467","0"
"104","1269","0"
"104","1453","0"
"104","1467","0"
"214","1269","0"
"214","1441","0"
"214","1515","0"
"214","1519","1"
"213","1269","0"
"213","58","0"
"67","1271","0"
"68","1271","0"
"121","1449","0"
"265","1451","0"
"146","1521","0"
"107","1527","0"
"112","1511","0"
"45","1457","0"
"112","1483","0"
"160","1479","0"
"188","1437","0"
"88","1271","0"
"88","1515","0"
"88","1463","1"
"88","1519","1"
"5","1271","0"
"62","1431","0"
"62","1261","0"
"73","1433","1"
"13","1433","0"
"28","1433","0"
"236","1261","0"
"24","1261","0"
"93","1261","0"
"93","1273","2"
"61","1273","0"
"158","1273","2"
"218","1263","1"
"228","1441","1"
"234","1441","1"
"229","1441","1"
"29","1441","1"
"87","1443","1"
"292","1443","2"
"8","1513","0"
"62","1513","0"
"258","1513","0"
"163","1513","0"
"171","1515","0"
"240","1515","0"
"262","1515","0"
"61","1455","0"
"17","1455","0"
"263","1455","0"
"24","1455","0"
"211","1461","0"
"199","1461","0"
"112","1461","0"
"112","1461","0"
"70","1461","0"
"146","1461","0"
"28","1463","1"
"21","1463","1"
"206","1517","0"
"174","1517","0"
"258","1517","0"
"52","1517","0"
"21","1467","0"
"164","1467","0"
"121","1469","0"
"121","1469","0"
"5","1469","0"
"57","1471","1"
"242","1471","1"
"233","1471","1"
"112","1473","0"
"112","1475","0"
"22","1473","0"
"26","1475","1"
"26","1473","0"
"160","1473","0"
"160","1475","1"
"73","1519","1"
"17","1487","0"
"93","1487","0"
"47","1487","0"
"81","884","1"
"263","884","1"
"304","364","1"
"304","21","1"
"304","365","1"
"304","589","0"
"304","874","1"
"304","1443","1"
"304","226","1"
"304","651","0"
"304","573","1"
"304","367","0"
"304","291","0"
"304","927","1"
"304","316","0"
"304","772","1"
"304","1043","0"
"304","174","1"
"304","1034","1"
"304","199","0"
"304","50","1"
"304","51","1"
"304","548","0"
"304","733","0"
"304","331","2"
"304","1155","1"
"304","173","0"
"304","808","0"
"304","469","1"
"304","1136","0"
"304","1032","1"
"304","835","2"
"306","213","1"
"306","1169","1"
"306","214","1"
"306","590","0"
"306","1034","2"
"306","1041","2"
"306","199","0"
"306","545","0"
"306","215","1"
"306","1108","0"
"306","935","1"
"306","1147","0"
"306","1425","1"
"306","315","0"
"306","1009","0"
"306","547","1"
"306","205","2"
"306","777","1"
"306","1148","0"
"303","724","2"
"303","191","2"
"303","751","1"
"303","729","2"
"303","426","2"
"303","204","1"
"303","443","0"
"303","1211","1"
"303","121","1"
"303","862","0"
"303","752","0"
"303","427","0"
"303","1140","0"
"270","65","2"
"270","114","1"
"270","387","0"
"270","69","3"
"270","836","2"
"270","185","1"
"270","1111","1"
"270","1069","1"
"270","671","1"
"270","585","3"
"270","112","2"
"270","1075","0"
"270","617","1"
"270","586","1"
"270","616","1"
"270","170","1"
"273","69","3"
"273","115","2"
"273","114","1"
"273","113","1"
"273","65","2"
"273","387","0"
"273","836","2"
"273","185","1"
"273","1111","1"
"273","1069","1"
"273","671","2"
"273","585","3"
"273","583","1"
"273","1157","0"
"274","535","2"
"274","1177","2"
"274","785","2"
"274","140","0"
"274","304","0"
"274","66","2"
"261","140","1"
"261","191","2"
"261","724","2"
"261","204","1"
"261","204","1"
"261","443","0"
"261","1211","1"
"261","414","1"
"261","121","1"
"261","946","0"
"261","426","1"
"261","427","0"
"261","1140","0"
"261","751","1"
"261","519","1"
"261","740","0"
"261","302","0"
"282","117","0"
"282","451","0"
"282","367","0"
"282","372","3"
"282","600","1"
"282","1169","2"
"282","315","0"
"282","1009","0"
"282","213","2"
"282","214","1"
"282","51","1"
"269","69","3"
"269","65","2"
"269","387","0"
"269","836","1"
"269","195","2"
"269","584","2"
"269","1111","1"
"269","1069","1"
"269","585","3"
"269","115","2"
"269","617","1"
"269","586","1"
"269","583","1"
"269","1157","0"
"269","158","2"
"269","665","1"
"290","191","2"
"290","153","0"
"290","724","2"
"290","1211","2"
"290","862","0"
"290","771","2"
"290","834","2"
"290","426","2"
"290","462","1"
"290","150","2"
"290","152","1"
"290","863","1"
"281","140","2"
"281","191","2"
"281","603","0"
"281","79","2"
"281","696","0"
"281","558","0"
"281","730","1"
"281","1199","0"
"281","1337","0"
"271","140","0"
"271","536","2"
"271","535","2"
"271","233","0"
"271","1177","1"
"271","785","0"
"271","191","2"
"271","704","1"
"271","1196","2"
"284","172","1"
"284","652","1"
"284","653","0"
"284","41","1"
"284","958","1"
"284","419","1"
"284","590","1"
"284","377","1"
"284","185","1"
"284","1154","0"
"301","191","2"
"301","724","1"
"301","667","1"
"301","729","2"
"301","1211","1"
"301","1045","0"
"301","121","1"
"301","61","1"
"301","426","2"
"301","427","0"
"301","751","1"
"301","1359","2"
"301","18","0"
"301","865","0"
"301","858","0"
"301","13","1"
"301","1138","0"
"272","140","2"
"272","191","2"
"272","877","2"
"272","920","2"
"272","796","0"
"272","930","0"
"272","189","0"
"272","707","0"
"272","431","1"
"272","1170","2"
"272","999","2"
"272","684","1"
"272","1184","0"
"272","1186","0"
"272","899","0"
"272","1421","0"
"277","611","0"
"277","793","2"
"277","96","0"
"277","392","0"
"277","935","1"
"277","1009","0"
"277","1425","0"
"277","213","0"
"277","214","0"
"277","215","1"
"277","1169","0"
"277","315","0"
"277","1148","0"
"277","172","1"
"277","1081","1"
"277","169","0"
"277","347","0"
"277","513","0"
"277","205","3"
"277","654","1"
"277","650","0"
"277","1034","2"
"277","227","1"
"277","1080","0"
"277","1335","0"
"284","2","1"
"281","127","2"
"281","425","0"
"290","151","0"
"269","279","0"
"282","599","0"
"282","199","0"
"282","727","1"
"282","726","0"
"273","1050","0"
"270","753","1"
"270","897","3"
"270","994","1"
"270","322","1"
"270","488","1"
"270","103","1"
"270","1077","0"
"270","279","0"
"303","934","1"
"273","616","1"
"261","613","0"
"261","752","0"
"282","277","0"
"290","509","1"
"272","188","2"
"","",""
